id,Position,Player,Team,starred,do_not_draft
1,RB,Bijan Robinson,ATL,1,0
2,RB,Jahmyr Gibbs,DET,1,0
3,RB,Jonathan Taylor,IND,1,0
4,RB,Christian McCaffrey,SF,0,0
5,RB,James Cook,BUF,1,0
6,WR,Ja'Marr Chase,CIN,1,0
7,RB,Derrick Henry,BAL,1,0
8,RB,De'Von Achane,MIA,0,0A
9,WR,Puka Nacua,LAR,0,0
10,WR,Jaxon Smith-Njigba,SEA,1,0
11,RB,Ashton Jeanty,LV,0,0
12,RB,Omarion Hampton,LAC,0,0
13,RB,Kyren Williams,LAR,0,0
14,RB,Saquon Barkley,PHI,1,0
15,WR,CeeDee Lamb,DAL,0,0
16,QB,Josh Allen,BUF,0,0
17,RB,Jeremiyah Love,ARI,0,1
18,WR,Amon-Ra St. Brown,DET,1,0
19,RB,Chase Brown,CIN,1,0
20,WR,Justin Jefferson,MIN,1,0
21,WR,Drake London,ATL,0,0
22,RB,Josh Jacobs,GB,0,0
23,TE,Trey McBride,ARI,0,0
24,RB,Kenneth Walker III,KC,0,0
25,QB,Lamar Jackson,BAL,0,0
26,WR,Nico Collins,HOU,0,0
27,RB,Breece Hall,NYJ,0,0
28,WR,George Pickens,DAL,0,0
29,TE,Brock Bowers,LV,0,0
30,WR,Malik Nabers,NYG,0,0
31,WR,Chris Olave,NO,0,0
32,RB,Javonte Williams,DAL,1,0
33,RB,Bucky Irving,TB,0,0
34,WR,A.J. Brown,NE,1,0
35,WR,Rashee Rice,KC,0,0
36,RB,Travis Etienne Jr.,NO,1,0
37,WR,Tee Higgins,CIN,1,0
38,WR,Tetairoa McMillan,CAR,0,0
39,WR,Garrett Wilson,NYJ,0,0
40,RB,TreVeyon Henderson,NE,0,0
41,WR,Luther Burden III,CHI,1,0
42,RB,Cam Skattebo,NYG,0,0
43,WR,Jaylen Waddle,DEN,0,0
44,RB,Bhayshul Tuten,JAX,0,0
46,WR,Davante Adams,LAR,0,0
47,TE,Colston Loveland,CHI,1,0
48,WR,Ladd McConkey,LAC,1,0
49,RB,D'Andre Swift,CHI,0,0
50,RB,David Montgomery,HOU,0,0
51,QB,Drake Maye,NE,1,0
52,WR,Zay Flowers,BAL,1,0
53,RB,Jaylen Warren,PIT,0,0
54,WR,Jameson Williams,DET,1,0
55,WR,DeVonta Smith,PHI,1,0
56,QB,Joe Burrow,CIN,0,0
57,WR,Emeka Egbuka,TB,1,0
58,WR,Terry McLaurin,WSH,0,1
59,RB,RJ Harvey,DEN,0,0
60,TE,Tyler Warren,IND,1,0
61,RB,Rhamondre Stevenson,NE,0,1
62,WR,DJ Moore,BUF,0,0
63,WR,Mike Evans,SF,0,1
64,WR,Carnell Tate,TEN,0,0
65,RB,Kyle Monangai,CHI,0,0
66,WR,Jordyn Tyson,NO,0,0
67,TE,Harold Fannin Jr.,CLE,0,0
68,RB,Tony Pollard,TEN,0,0
69,WR,Christian Watson,GB,1,0
70,RB,Rico Dowdle,PIT,0,0
71,QB,Jayden Daniels,WSH,0,0
72,RB,Chuba Hubbard,CAR,0,0
73,WR,Rome Odunze,CHI,0,0
74,RB,Blake Corum,LAR,0,0
75,RB,J.K. Dobbins,DEN,0,0
76,QB,Jalen Hurts,PHI,0,0
77,TE,Tucker Kraft,GB,1,0
78,WR,Courtland Sutton,DEN,0,0
79,TE,Kyle Pitts Sr.,ATL,1,0
80,WR,DK Metcalf,PIT,0,0
81,WR,Parker Washington,JAX,1,0
82,WR,Michael Wilson,ARI,0,0
83,WR,Jakobi Meyers,JAX,0,0
84,WR,Brian Thomas Jr.,JAX,0,0
85,TE,Sam LaPorta,DET,0,0
86,RB,Jadarian Price,SEA,1,0
87,RB,Brian Robinson Jr.,ATL,0,0
88,TE,Dalton Kincaid,BUF,0,0
89,WR,Marvin Harrison Jr.,ARI,0,0
90,TE,Oronde Gadsden II,LAC,0,0
91,QB,Jaxson Dart,NYG,0,0
92,RB,Aaron Jones Sr.,MIN,0,0
93,RB,Kenneth Gainwell,TB,0,0
94,QB,Justin Herbert,LAC,1,0
95,WR,Chris Godwin,TB,0,0
96,RB,Tyler Allgeier,ARI,0,0
97,QB,Caleb Williams,CHI,0,0
98,TE,Hunter Henry,NE,0,0
99,RB,James Conner,ARI,0,0
100,TE,Dallas Goedert,PHI,1,0
101,WR,Alec Pierce,IND,0,0
102,QB,Trevor Lawrence,JAX,1,0
103,RB,Jacory Croskey-Merritt,WSH,0,0
104,TE,Mark Andrews,BAL,0,0
105,TE,Jake Ferguson,DAL,0,0
106,TE,Dalton Schultz,HOU,0,0
107,QB,Dak Prescott,DAL,0,0
108,WR,Jordan Addison,MIN,0,0
109,TE,George Kittle,SF,1,0
110,RB,Jordan Mason,MIN,0,0
111,RB,Zach Charbonnet,SEA,1,0
112,QB,Patrick Mahomes,KC,0,0
113,TE,Juwan Johnson,NO,0,0
114,TE,Brenton Strange,JAX,0,0
115,RB,Woody Marks,HOU,1,0
117,TE,Travis Kelce,KC,0,0
118,QB,Brock Purdy,SF,0,0
119,WR,Michael Pittman Jr.,PIT,0,0
120,TE,Kenyon Sadiq,NYJ,0,0
121,RB,Tyrone Tracy Jr.,NYG,0,0
122,WR,Quentin Johnston,LAC,1,0
123,WR,Josh Downs,IND,0,0
124,RB,Emmett Johnson,KC,0,0
125,TE,Isaiah Likely,NYG,0,0
126,RB,Trey Benson,ARI,0,0
127,WR,Stefon Diggs,FA,0,0
128,WR,Romeo Doubs,NE,0,0
129,RB,Jonah Coleman,DEN,0,0
130,QB,Matthew Stafford,LAR,0,0
131,WR,Jayden Reed,GB,0,0
133,WR,Khalil Shakir,BUF,0,0
134,QB,Bo Nix,DEN,0,0
135,WR,Xavier Worthy,KC,0,0
136,RB,Tyjae Spears,TEN,0,0
137,WR,Jauan Jennings,MIN,0,0
138,RB,Rachaad White,WSH,0,0
139,TE,AJ Barner,SEA,0,0
140,WR,Jayden Higgins,HOU,0,0
141,QB,Jordan Love,GB,0,0
143,RB,Dylan Sampson,CLE,0,0
145,TE,David Njoku,LAC,0,0
146,WR,Jalen Coker,CAR,0,0
147,QB,Jared Goff,DET,0,0
148,RB,Braelon Allen,NYJ,0,0
150,TE,Chig Okonkwo,WSH,0,0
151,TE,Mason Taylor,NYJ,0,0
152,WR,Deebo Samuel,FA,0,0
153,RB,Mike Washington Jr.,LV,0,0
154,TE,Eli Stowers,PHI,0,0
155,QB,Malik Willis,MIA,0,0
156,RB,Kimani Vidal,LAC,0,0
157,TE,Terrance Ferguson,LAR,0,0
158,RB,Chris Rodriguez Jr.,JAX,0,0
159,QB,Baker Mayfield,TB,0,0
160,RB,Jonathon Brooks,CAR,1,0
162,WR,Tyreek Hill,FA,0,0
163,RB,Tank Bigsby,PHI,0,0
164,QB,Tyler Shough,NO,0,0
165,TE,Cade Otton,TB,0,0
166,RB,Keaton Mitchell,LAC,0,0
167,WR,Omar Cooper Jr.,NYJ,0,0
168,RB,Isiah Pacheco,DET,0,0
170,WR,Denzel Boston,CLE,0,0
171,RB,Sean Tucker,TB,0,0
172,QB,Kyler Murray,MIN,0,0
173,WR,Antonio Williams,WSH,0,0
174,RB,Kaytron Allen,WSH,0,0
175,WR,Travis Hunter,JAX,0,0
176,WR,Matthew Golden,GB,0,0
177,WR,Jerry Jeudy,CLE,0,0
178,RB,Emanuel Wilson,SEA,0,0
179,WR,Rashid Shaheed,SEA,0,0
180,WR,Adonai Mitchell,NYJ,0,0
182,WR,Kayshon Boutte,NE,0,0
183,WR,Jalen McMillan,TB,0,0
184,QB,C.J. Stroud,HOU,0,0
185,RB,Nicholas Singleton,TEN,0,0
186,RB,Ray Davis,BUF,0,0
187,WR,Ja'Kobi Lane,BAL,0,0
188,QB,Sam Darnold,SEA,0,0
189,RB,Devin Neal,NO,0,0
191,WR,Troy Franklin,DEN,0,0
192,WR,Pat Bryant,DEN,0,0
194,RB,Jaylen Wright,MIA,0,0
195,WR,Chimere Dike,TEN,0,0
196,RB,Demond Claiborne,MIN,0,0
197,WR,Brandon Aiyuk,SF,0,0
199,WR,Tre Harris,LAC,0,0
200,RB,Kendre Miller,NO,0,0
202,RB,Brashard Smith,KC,0,0
203,WR,Isaac TeSlaa,DET,0,0
204,WR,Elic Ayomanor,TEN,0,0
206,WR,Tank Dell,HOU,0,0
208,QB,Fernando Mendoza,LV,0,0
209,RB,Jaydon Blue,DAL,0,0
211,WR,Jaylin Noel,HOU,0,0
212,QB,Cameron Ward,TEN,0,0
213,RB,Jarquez Hunter,LAR,0,0
215,WR,Germie Bernard,PIT,0,0
216,WR,Darnell Mooney,NYG,0,0
218,WR,Ted Hurst,TB,0,0
219,QB,Daniel Jones,IND,0,0
220,WR,Jalen Nailor,LV,0,0
221,QB,Bryce Young,CAR,0,0
222,WR,Ryan Flournoy,DAL,0,0
223,WR,Tory Horton,SEA,0,0
224,WR,Elijah Sarratt,BAL,0,0
225,WR,Chris Bell,MIA,0,0
226,WR,Rashod Bateman,BAL,0,0
228,WR,Keenan Allen,FA,0,0
229,WR,Keon Coleman,BUF,0,0
230,WR,Cooper Kupp,SEA,0,0
232,WR,Devaughn Vele,NO,0,0
234,WR,Malachi Fields,NYG,0,0
235,TE,Max Klare,LAR,0,0
236,TE,Michael Trigg,DAL,0,0
237,WR,De'Zhaun Stribling,SF,0,0
238,QB,J.J. McCarthy,MIN,0,0
239,QB,Shedeur Sanders,CLE,0,0
240,QB,Michael Penix Jr.,ATL,0,0
241,QB,Tua Tagovailoa,ATL,0,0
242,QB,Ty Simpson,LAR,0,0
243,WR,Ricky Pearsall,SF,0,0
244,WR,Chris Brazzell II,CAR,0,0
245,QB,Justin Fields,KC,0,0
246,WR,Treylon Burks,WSH,0,0
248,TE,Darnell Washington,PIT,0,0
249,WR,Xavier Hutchinson,HOU,0,0
250,WR,DeMario Douglas,NE,0,0
251,WR,Jordan Whittington,LAR,0,0
253,TE,Charlie Kolar,LAC,0,0
254,QB,Geno Smith,NYJ,0,0
255,RB,Isaac Guerendo,SF,0,0
257,TE,Josh Oliver,MIN,0,0
258,WR,Olamide Zaccheaus,ATL,0,0
259,RB,LeQuint Allen Jr.,JAX,0,0
260,WR,Konata Mumpfield,LAR,0,0