Rank,Player,POS,Team,AVG,Expert,Sleeper,ESPN,Yahoo,Underdog,CBS,FFPC
1,Bijan Robinson,RB2,ATL,1.8,2,1,2,2,2,2,2
2,Jahmyr Gibbs,RB1,DET,1.2,1,2,1,1,1,1,1
3,Jonathan Taylor,RB3,IND,5.8,9,3,7,5,8,3,9
4,Christian McCaffrey,RB4,SF,6.2,6,4,6,6,6,8,7
5,James Cook,RB5,BUF,8.5,10,5,12,9,10,5,10
6,Ja'Marr Chase,WR1,CIN,3.7,3,6,3,3,3,4,3
7,Derrick Henry,RB6,BAL,13.2,19,7,11,17,17,6,21
8,Devon Achane,RB8,MIA,13.8,14,8,13,15,18,12,17
9,Puka Nacua,WR2,LAR,5.3,4,9,4,4,4,7,4
10,Jaxon Smith-Njigba,WR3,SEA,7.0,6,10,5,8,5,9,5
11,Ashton Jeanty,RB12,LV,16.3,17,11,16,21,16,20,14
12,Omarion Hampton,RB10,LAC,16.2,14,12,19,16,15,17,18
13,Kyren Williams,RB14,LAR,26.5,31,13,37,27,31,18,33
14,Saquon Barkley,RB7,PHI,13.5,14,14,15,10,12,11,19
15,CeeDee Lamb,WR5,DAL,12.2,10,15,9,11,9,16,13
16,Josh Allen,QB1,BUF,28.7,39,16,36,32,38,14,36
17,Jeremiyah Love,RB13,ARI,25.3,29,17,17,28,28,33,29
18,Amon-Ra St. Brown,WR4,DET,9.7,7,18,8,7,7,10,8
19,Chase Brown,RB9,CIN,15.7,12,19,23,14,14,13,11
20,Justin Jefferson,WR6,MIN,14.2,11,20,10,13,11,19,12
21,Drake London,WR7,ATL,20.7,20,21,14,20,23,23,23
22,Josh Jacobs,RB24,GB,53.3,145,22,62,108,46,36,46
23,Trey McBride,TE2,ARI,25.2,28,23,20,31,29,32,16
24,Kenneth Walker,RB11,KC,16.2,15,24,18,12,13,15,15
25,Lamar Jackson,QB2,BAL,48.2,55,25,56,50,58,31,69
26,Nico Collins,WR8,HOU,23.2,22,26,25,18,22,24,24
27,Breece Hall,RB15,NYJ,29.5,30,27,22,30,30,38,30
28,George Pickens,WR10,DAL,25.0,24,28,28,22,24,21,27
29,Brock Bowers,TE1,LV,20.5,21,29,21,19,20,28,6
30,Malik Nabers,WR11,NYG,26.8,21,30,27,24,21,34,25
31,Chris Olave,WR12,NO,27.5,26,31,29,25,25,29,26
32,Javonte Williams,RB16,DAL,31.7,31,32,30,34,33,26,35
33,Bucky Irving,RB20,TB,44.7,44,33,40,51,52,40,52
34,A.J. Brown,WR9,NE,24.0,21,34,26,23,19,22,20
35,Rashee Rice,WR13,KC,29.0,25,35,24,36,26,25,28
36,Travis Etienne,RB17,NO,37.5,40,36,32,41,40,35,41
37,Tee Higgins,WR15,CIN,37.5,35,37,45,29,35,37,42
38,Tetairoa McMillan,WR17,CAR,40.7,42,38,35,39,41,47,44
39,Garrett Wilson,WR19,NYJ,42.3,40,39,42,38,39,57,39
40,TreVeyon Henderson,RB26,NE,64.8,60,40,98,64,61,63,63
41,Luther Burden,WR22,CHI,48.7,48,41,53,44,43,64,47
42,Cam Skattebo,RB18,NYG,40.8,45,42,39,46,45,30,43
43,Jaylen Waddle,WR21,DEN,43.0,34,43,51,35,37,52,40
44,Bhayshul Tuten,RB22,JAX,51.2,48,44,59,54,49,50,51
45,Quinshon Judkins,RB21,CLE,49.0,47,45,38,58,55,48,50
46,Davante Adams,WR23,LAR,49.0,49,46,31,56,51,55,55
47,Colston Loveland,TE3,CHI,39.8,40,47,49,37,42,42,22
48,Ladd McConkey,WR20,LAC,42.3,38,48,46,40,34,49,37
49,D'Andre Swift,RB19,CHI,41.3,44,49,41,42,44,27,45
50,David Montgomery,RB23,HOU,51.5,49,50,61,57,47,46,48
51,Drake Maye,QB3,NE,59.3,69,51,57,61,66,45,76
52,Zay Flowers,WR16,BAL,37.5,33,52,33,33,32,41,34
53,Jaylen Warren,RB28,PIT,72.8,65,53,96,69,69,82,68
54,Jameson Williams,WR25,DET,52.8,51,54,48,52,50,54,59
55,DeVonta Smith,WR14,PHI,36.8,31,55,43,26,27,39,31
56,Joe Burrow,QB4,CIN,64.3,70,56,74,63,68,43,82
57,Emeka Egbuka,WR18,TB,42.0,40,57,34,43,36,44,38
58,Terry McLaurin,WR24,WAS,51.5,53,58,47,45,48,58,53
59,RJ Harvey,RB35,DEN,96.3,86,59,139,110,88,97,85
60,Tyler Warren,TE4,IND,52.3,58,60,50,48,63,61,32
61,Rhamondre Stevenson,RB27,NE,65.2,66,61,63,62,67,67,71
62,DJ Moore,WR26,BUF,53.2,59,62,52,47,53,56,49
63,Mike Evans,WR29,SF,64.0,62,63,76,60,54,70,61
64,Carnell Tate,WR31,TEN,72.2,59,64,65,73,62,99,70
65,Kyle Monangai,RB37,CHI,100.7,109,65,106,109,108,109,107
66,Jordyn Tyson,WR50,NO,119.7,108,66,151,129,91,176,105
67,Harold Fannin,TE7,CLE,77.2,93,67,72,77,105,78,64
68,Tony Pollard,RB30,TEN,79.2,79,68,99,82,77,72,77
69,Christian Watson,WR28,GB,61.0,56,69,68,53,57,65,54
70,Rico Dowdle,RB29,PIT,75.2,86,70,64,81,82,76,78
71,Jayden Daniels,QB5,WAS,69.3,70,71,55,65,70,60,95
72,Chuba Hubbard,RB34,CAR,95.3,94,72,109,89,99,106,97
73,Rome Odunze,WR27,CHI,57.5,54,73,44,49,59,62,58
74,Blake Corum,RB32,LAR,92.5,100,74,121,93,86,102,79
75,J.K. Dobbins,RB31,DEN,85.8,86,75,100,85,95,69,91
76,Jalen Hurts,QB6,PHI,72.2,81,76,58,66,72,59,102
77,Tucker Kraft,TE5,GB,75.2,78,77,103,67,76,66,62
78,Courtland Sutton,WR35,DEN,81.3,89,78,54,100,81,88,87
79,Kyle Pitts,TE8,ATL,78.8,93,79,71,79,101,83,60
80,DK Metcalf,WR34,PIT,78.2,83,80,66,76,74,92,81
81,Parker Washington,WR30,JAX,66.7,63,81,70,55,56,81,57
82,Michael Wilson,WR37,ARI,92.3,92,82,88,86,92,113,93
83,Jakobi Meyers,WR47,JAX,114.5,123,83,89,126,121,145,123
84,Brian Thomas,WR33,JAX,76.8,60,84,78,72,64,90,73
85,Sam LaPorta,TE6,DET,76.2,86,85,73,70,90,74,65
86,Jadarian Price,RB25,SEA,62.0,50,86,60,59,60,51,56
87,Brian Robinson,RB51,ATL,153.0,171,87,142,160,180,190,159
88,Dalton Kincaid,TE11,BUF,104.3,132,88,112,107,120,115,84
89,Marvin Harrison,WR32,ARI,72.2,63,89,67,68,65,77,67
90,Oronde Gadsden,TE25,LAC,190.2,179,90,291,216,198,,156
91,Jaxson Dart,QB11,NYG,102.7,112,91,75,106,104,104,136
92,Aaron Jones,RB41,MIN,117.3,120,92,123,125,126,121,117
93,Kenneth Gainwell,RB39,TB,104.0,106,93,108,114,110,116,83
94,Justin Herbert,QB10,LAC,89.7,92,94,94,74,84,79,113
95,Chris Godwin,WR39,TB,94.8,78,95,128,83,85,103,75
96,Tyler Allgeier,RB45,ARI,133.5,141,96,143,136,139,155,132
97,Caleb Williams,QB7,CHI,84.0,76,97,87,71,73,68,108
98,Hunter Henry,TE16,NE,138.5,163,98,118,164,155,161,135
99,James Conner,RB66,ARI,223.0,219,99,306,229,248,,233
100,Alec Pierce,WR36,IND,88.5,93,100,69,98,93,73,98
101,Dallas Goedert,TE10,PHI,102.8,132,101,104,119,132,75,86
102,Trevor Lawrence,QB9,JAX,89.5,88,102,82,80,87,71,115
103,Jacory Croskey-Merritt,RB36,WAS,98.3,94,103,107,90,100,96,94
104,Mark Andrews,TE14,BAL,115.7,139,104,110,134,134,111,101
105,Jake Ferguson,TE15,DAL,121.8,131,105,111,146,137,132,100
106,Dalton Schultz,TE20,HOU,156.8,167,106,207,149,160,173,146
107,Dak Prescott,QB8,DAL,86.0,96,107,83,78,79,53,116
108,Jordan Addison,WR40,MIN,99.3,83,108,80,95,89,110,114
109,George Kittle,TE9,SF,95.2,96,109,102,88,114,86,72
110,Jordan Mason,RB38,MIN,100.7,92,110,116,103,96,89,90
111,Zach Charbonnet,RB46,SEA,138.5,173,111,138,144,165,142,131
112,Patrick Mahomes,QB13,KC,109.3,113,112,95,120,97,91,141
113,Juwan Johnson,TE17,NO,141.8,147,113,194,141,140,151,112
114,Brenton Strange,TE18,JAX,143.7,156,114,160,166,150,150,122
115,Woody Marks,RB43,HOU,129.5,133,115,124,131,138,141,128
116,Wan'Dale Robinson,WR46,TEN,113.5,99,116,93,112,116,148,96
117,Travis Kelce,TE12,KC,109.2,126,117,105,121,124,108,80
118,Brock Purdy,QB12,SF,103.5,108,118,85,97,103,85,133
119,Michael Pittman,WR41,PIT,104.0,81,119,77,104,102,133,89
120,Kenyon Sadiq,TE22,NYJ,159.8,172,120,120,195,178,195,151
121,Brandon Aubrey,K1,DAL,139.4,,121,181,168,,93,134
122,Tyrone Tracy,RB56,NYG,174.5,170,122,244,221,162,156,142
123,Los Angeles Rams,DEF2,LAR,155.0,,123,173,169,,,
124,Quentin Johnston,WR38,LAC,93.8,84,124,90,91,71,95,92
125,Josh Downs,WR42,IND,107.5,97,125,126,87,83,136,88
126,Emmett Johnson,RB60,KC,178.3,167,126,240,167,183,193,161
127,Isaiah Likely,TE13,NYG,110.7,136,127,117,123,125,98,74
128,Trey Benson,RB83,ARI,284.6,245,128,309,327,337,,322
129,Houston Texans,DEF1,HOU,151.0,,129,169,155,,,
130,Stefon Diggs,WR44,WAS,110.3,88,130,125,92,94,118,103
131,Romeo Doubs,WR52,NE,127.7,124,131,130,124,118,134,129
132,Jonah Coleman,RB47,DEN,142.0,136,132,156,142,141,157,124
133,Matthew Stafford,QB14,LAR,112.8,117,133,86,113,113,84,148
134,Seattle Seahawks,DEF3,SEA,160.7,,134,172,176,,,
135,Jayden Reed,WR43,GB,108.3,107,135,113,96,78,129,99
136,Alvin Kamara,RB58,NO,175.7,187,136,195,184,194,188,157
137,Khalil Shakir,WR56,BUF,141.3,139,137,114,140,131,187,139
138,Bo Nix,QB15,DEN,114.5,108,138,84,102,106,114,143
139,Xavier Worthy,WR51,KC,122.8,111,139,92,130,107,143,126
140,Tyjae Spears,RB50,TEN,149.2,172,140,141,139,153,184,138
141,Jauan Jennings,WR70,MIN,192.8,202,141,201,214,176,207,218
142,Rachaad White,RB42,WAS,121.7,100,142,122,116,119,127,104
143,Philadelphia Eagles,DEF5,PHI,167.7,,143,175,185,,,
144,AJ Barner,TE24,SEA,178.8,180,144,217,182,174,183,173
145,Jayden Higgins,WR140,HOU,401.0,,145,573,364,704,,219
146,Jordan Love,QB20,GB,149.3,138,146,198,122,117,138,175
147,T.J. Hockenson,TE23,MIN,166.0,170,147,159,212,168,,144
148,Denver Broncos,DEF4,DEN,164.3,,148,170,175,,,
149,Dylan Sampson,RB55,CLE,170.7,164,149,168,180,169,208,150
150,Cameron Dicker,K3,LAC,166.0,,150,182,187,,130,181
151,KC Concepcion,WR48,CLE,118.3,98,151,115,99,111,125,109
152,David Njoku,TE31,LAC,235.4,198,152,290,307,212,,216
153,Jalen Coker,WR54,CAR,136.5,126,153,131,117,129,159,130
154,Jason Myers,K2,SEA,164.6,,154,184,188,,112,185
155,Jared Goff,QB16,DET,129.0,119,155,136,118,112,101,152
156,Braelon Allen,RB53,NYJ,165.3,187,156,158,161,179,178,160
157,Colby Parkinson,TE30,LAR,231.0,238,157,293,245,220,,240
158,Chig Okonkwo,TE21,WAS,159.6,157,158,216,156,147,,121
159,Mason Taylor,TE36,NYJ,263.4,251,159,324,315,245,,274
160,Deebo Samuel,WR55,SF,137.8,117,160,129,150,128,135,125
161,Mike Washington Jr.,RB48,LV,142.3,127,161,157,128,145,123,140
162,Baltimore Ravens,DEF6,BAL,179.7,,162,174,203,,,
163,Eli Stowers,TE37,PHI,266.8,216,163,329,313,,,262
164,Malik Willis,QB21,MIA,152.7,145,164,150,132,133,163,174
165,Kimani Vidal,RB61,LAC,199.2,207,165,213,227,208,,183
166,Terrance Ferguson,TE19,LAR,145.0,173,166,119,157,156,,127
167,Chris Rodriguez,RB44,JAX,131.0,128,167,140,111,122,126,120
168,Baker Mayfield,QB18,TB,145.0,135,168,149,135,123,124,171
169,Jonathon Brooks,RB33,CAR,93.7,74,169,97,75,75,80,66
170,Theo Johnson,TE43,NYG,291.4,249,170,325,331,287,,344
171,New England Patriots,DEF7,NE,181.7,,171,177,197,,,
172,Tyreek Hill,WR124,,346.0,247,172,685,353,244,,276
173,Tank Bigsby,RB52,PHI,155.0,147,173,166,137,151,166,137
174,Cade Otton,TE28,TB,215.3,211,174,260,262,192,201,203
175,Tyler Shough,QB19,NO,148.2,145,175,135,138,127,149,165
176,Keaton Mitchell,RB49,LAC,147.7,144,176,154,127,130,180,119
177,Tyler Loop,K6,BAL,197.6,,177,190,201,,200,220
178,Omar Cooper Jr.,WR71,NYJ,194.0,161,178,210,200,172,,210
179,Chris Boswell,K13,PIT,228.6,,179,237,268,,203,256
180,Isiah Pacheco,RB54,DET,170.2,165,180,155,178,196,154,158
181,Gunnar Helm,TE27,TEN,198.4,199,181,215,218,199,,179
182,Denzel Boston,WR58,CLE,160.0,126,182,144,143,142,202,147
183,Cam Little,K5,JAX,180.6,,183,188,193,,146,193
184,Harrison Mevis,K7,LAR,199.6,,184,183,253,,174,204
185,Minnesota Vikings,DEF13,MIN,224.3,,185,299,189,,,
186,Kyler Murray,QB17,MIN,138.7,121,186,134,115,115,128,154
187,Sean Tucker,RB67,TB,223.0,192,187,245,243,218,,222
188,Harrison Butker,K11,KC,213.8,,188,187,275,,170,249
189,Antonio Williams,WR86,WAS,229.2,191,189,252,236,226,,243
190,Ka'imi Fairbairn,K4,HOU,171.8,,190,185,181,,117,186
191,Kaytron Allen,RB65,WAS,216.4,186,191,277,204,222,,188
192,Andy Borregales,K17,NE,266.3,,192,350,286,,,237
193,Travis Hunter,WR61,JAX,165.6,134,193,91,174,163,,207
194,Detroit Lions,DEF9,DET,201.7,,194,178,233,,,
195,Matthew Golden,WR49,GB,119.0,100,195,79,101,98,131,110
196,Jerry Jeudy,WR69,CLE,192.3,200,196,145,194,205,209,205
197,Emanuel Wilson,RB77,SEA,263.4,235,197,279,277,291,,273
198,Rashid Shaheed,WR57,SEA,148.3,140,198,132,133,135,147,145
199,Adonai Mitchell,WR62,NYJ,167.6,205,199,147,147,167,,178
200,Joe Mixon,RB117,,547.8,,200,684,383,924,,
201,Kayshon Boutte,WR74,HOU,197.5,164,201,211,171,175,210,217
202,Jalen McMillan,WR59,TB,162.8,154,202,133,153,157,,169
203,C.J. Stroud,QB24,HOU,185.2,160,203,199,165,146,162,236
204,Nicholas Singleton,RB63,TEN,213.4,184,204,250,205,213,,195
205,Ray Davis,RB57,BUF,175.2,193,205,167,152,186,,166
206,Ja'Kobi Lane,WR65,BAL,177.7,159,206,197,172,148,167,176
207,Sam Darnold,QB22,SEA,174.8,161,207,200,151,143,137,211
208,Devin Neal,RB94,NO,374.8,243,208,585,321,414,,346
209,Najee Harris,RB62,NYG,205.6,187,209,192,198,200,,229
210,Jacksonville Jaguars,DEF12,JAX,220.0,,210,254,196,,,
211,Troy Franklin,WR100,DEN,281.2,209,211,370,298,239,,288
212,Pat Bryant,WR75,DEN,201.0,212,212,263,158,171,,201
213,Kaleb Johnson,RB80,GB,272.4,168,213,280,210,381,,278
214,Jaylen Wright,RB74,MIA,235.4,241,214,214,271,247,,231
215,Will Reichard,K10,MIN,206.2,,215,193,207,,192,224
216,Chimere Dike,WR109,TEN,315.0,220,216,382,323,283,,371
217,Demond Claiborne,RB68,MIN,223.4,208,217,266,202,242,,190
218,Jake Bates,K8,DET,201.0,,218,189,231,,153,214
219,Brandon Aiyuk,WR121,SF,337.0,238,219,518,341,294,,313
220,Wil Lutz,K16,DEN,254.0,,220,346,225,,204,275
221,Jake Tonges,TE35,SF,260.4,245,221,312,301,255,,213
222,Pittsburgh Steelers,DEF8,PIT,197.3,,222,171,199,,,
223,Eddy Pineiro,K9,SF,202.6,,223,186,217,,172,215
224,Tre Harris,WR68,LAC,190.2,176,224,205,186,159,,177
225,Kendre Miller,RB75,NO,253.8,227,225,251,226,286,,281
226,Calvin Ridley,WR76,TEN,206.8,194,226,146,254,203,177,235
227,Brashard Smith,RB85,KC,288.4,199,227,226,350,329,,310
228,Kansas City Chiefs,DEF10,KC,215.0,,228,179,238,,,
229,Isaac TeSlaa,WR90,DET,240.0,204,229,262,260,207,,242
230,Elic Ayomanor,WR107,TEN,313.6,214,230,413,325,271,,329
231,Zachariah Branch,WR81,ATL,216.4,199,231,209,213,201,,228
232,Tank Dell,WR79,HOU,213.6,191,232,202,252,190,,192
233,Tre Tucker,WR63,LV,172.8,160,233,152,148,149,191,164
234,Fernando Mendoza,QB28,LV,243.2,218,234,268,240,191,,283
235,Jaydon Blue,RB93,PHI,362.2,222,235,977,250,182,,167
236,New York Giants,DEF22,NYG,286.7,,236,358,266,,,
237,Audric Estime,RB95,NO,380.8,296,237,560,374,352,,
238,Jaylin Noel,WR78,HOU,211.0,220,238,165,190,204,,258
239,Cairo Santos,K12,CHI,218.6,,239,191,215,,185,263
240,Cam Ward,QB25,TEN,210.4,167,240,219,179,161,,253
241,Jarquez Hunter,RB99,,419.0,273,241,978,297,274,,305
242,Marvin Mims,WR103,DEN,298.8,284,242,264,337,289,,362
243,Los Angeles Chargers,DEF11,LAC,217.0,,243,180,228,,,
244,Germie Bernard,WR87,PIT,234.4,198,244,204,264,206,,254
245,Darnell Mooney,WR95,NYG,263.8,182,245,294,261,240,,279
246,Kyle Williams,WR112,NE,316.8,289,246,369,343,,,309
247,Ted Hurst,WR88,TB,239.0,215,247,284,241,197,,226
248,Daniel Jones,QB23,IND,175.3,163,248,137,163,144,152,208
249,Jalen Nailor,WR66,LV,180.6,179,249,153,177,154,,170
250,Bryce Young,QB26,CAR,218.8,173,250,218,183,166,,277
251,Ryan Flournoy,WR73,DAL,197.4,191,251,208,162,170,,196
252,Chase McLaughlin,K15,TB,235.8,,252,238,265,,197,227
253,Tory Horton,WR98,SEA,276.8,227,253,275,299,250,,307
254,Green Bay Packers,DEF14,GB,242.3,,254,236,237,,,
255,Dallas Cowboys,DEF16,DAL,258.3,,255,297,223,,,
256,Elijah Sarratt,WR110,BAL,315.4,212,256,411,303,249,,358
257,Chris Bell,WR84,MIA,224.4,195,257,232,206,193,,234
258,Rashod Bateman,WR80,BAL,214.7,231,258,162,222,214,182,250
259,Jacoby Brissett,QB27,ARI,232.0,200,259,220,208,202,,271
260,Chicago Bears,DEF24,CHI,303.0,,260,359,290,,,
261,Keenan Allen,WR67,IND,187.0,135,261,161,145,152,206,197
262,Keon Coleman,WR93,BUF,260.2,217,262,261,270,217,,291
263,Cooper Kupp,WR89,SEA,239.2,233,263,227,235,216,,255
264,Evan McPherson,K14,CIN,233.2,,264,256,219,,175,252
265,Jack Bech,WR94,LV,261.8,219,265,274,234,246,,290
266,San Francisco 49ers,DEF18,SF,270.3,,266,286,259,,,
267,Devaughn Vele,WR77,NO,209.2,223,267,164,192,185,,238
268,Christian Kirk,WR118,SF,334.2,221,268,511,332,278,,282
269,Malachi Fields,WR83,NYG,220.8,205,269,203,224,187,,221
270,Max Klare,TE53,LAR,362.2,228,270,331,494,393,,323
271,Michael Trigg,TE173,,724.3,,271,1023,481,1122,,
272,De'Zhaun Stribling,WR53,SF,130.2,104,272,81,94,109,119,106
273,Indianapolis Colts,DEF21,IND,281.0,,273,298,272,,,
274,Buffalo Bills,DEF23,BUF,293.3,,274,364,242,,,
275,Atlanta Falcons,DEF25,ATL,309.7,,275,363,291,,,
276,J.J. McCarthy,QB37,MIN,323.3,259,276,315,398,304,,
277,Shedeur Sanders,QB33,CLE,293.4,241,277,301,305,231,,353
278,Tampa Bay Buccaneers,DEF17,TB,260.7,,278,235,269,,,
279,Michael Penix,QB32,ATL,283.8,235,279,310,251,211,,368
280,Jake Elliott,K22,PHI,323.7,,280,344,347,,,
281,Carolina Panthers,DEF27,CAR,342.0,,281,361,384,,,
282,Cincinnati Bengals,DEF20,CIN,279.7,,282,300,257,,,
283,Tua Tagovailoa,QB35,ATL,296.8,231,283,296,295,241,,369
284,Matt Gay,K23,LV,337.3,,284,352,376,,,
285,New Orleans Saints,DEF19,NO,276.3,,285,255,289,,,
286,Riley Patterson,K24,MIA,341.7,,286,351,388,,,
287,Charlie Smyth,K32,,468.8,,287,1001,285,,,302
288,Ty Simpson,QB45,LAR,481.8,266,288,334,975,330,,
289,Nick Folk,K19,ATL,291.6,,289,257,375,,196,341
290,Cleveland Browns,DEF15,CLE,255.3,,290,176,300,,,
291,Tennessee Titans,DEF26,TEN,318.3,,291,360,304,,,
292,Arizona Cardinals,DEF29,ARI,355.0,,292,366,407,,,
293,Las Vegas Raiders,DEF30,LV,358.7,,293,365,418,,,
294,New York Jets,DEF32,NYJ,425.7,,294,285,698,,,
295,Tyler Bass,K30,BUF,419.5,,295,347,721,,,315
296,Miami Dolphins,DEF28,MIA,347.7,,296,367,380,,,
297,Jake Moody,K34,BAL,475.8,,297,858,361,,,387
298,Younghoe Koo,K35,,480.3,,298,707,436,,,
299,Andre Szmyt,K27,CLE,363.3,,299,356,435,,,
300,Alex Kessman,K20,CAR,300.0,,300,,,,,
301,Chad Ryland,K26,ARI,342.3,,301,355,371,,,
302,Joey Slye,K25,TEN,341.7,,302,354,369,,,
303,Ben Sauls,K47,,727.0,,303,1019,859,,,
304,Ryan Fitzgerald,K28,CAR,365.3,,304,353,439,,,
305,Trey Smack,K18,GB,278.5,,305,287,263,,,259
306,Dominic Zvada,K33,NYG,473.5,,306,348,861,,,379
307,Cade York,K41,,639.0,,307,816,794,,,
308,Spencer Shrader,K21,IND,321.8,,308,288,355,,,336
309,Chris Brazzell II,WR159,CAR,496.0,,309,602,695,378,,
310,Ricky Pearsall,WR176,SF,543.0,,310,557,359,1189,,300
,MarShawn Lloyd,RB40,GB,108.8,79,,101,84,136,105,118
,Makai Lemon,WR45,PHI,112.6,83,,127,105,80,140,111
,Dontayvion Wicks,WR60,PHI,163.8,216,,163,154,158,,180
,Caleb Douglas,WR64,MIA,174.3,176,,148,170,177,,202
,Kaelon Black,RB59,SF,176.6,191,,212,159,184,165,163
,Malik Washington,WR72,MIA,197.0,185,,224,209,173,,182
,Greg Dulcich,TE26,MIA,198.3,207,,259,191,188,,155
,Justice Hill,RB64,BAL,215.3,225,,196,255,219,,191
,Pat Freiermuth,TE29,PIT,217.5,207,,206,282,195,,187
,Cyrus Allen,WR82,KC,219.3,191,,368,173,164,,172
,Malik Davis,RB69,DAL,225.3,209,,225,211,221,,244
,George Holani,RB70,SEA,225.8,233,,243,220,234,,206
,Jordan James,RB71,SF,225.8,214,,247,244,229,211,198
,Kyle Williams,WR85,,227.0,226,,,,227,,
,Samaje Perine,RB72,CIN,230.3,227,,222,246,223,,230
,Seth McGowan,RB73,IND,230.8,223,,246,239,215,,223
,Darren Waller,TE32,CAR,238.5,247,,258,247,210,,239
,Aaron Rodgers,QB29,PIT,251.8,198,,269,249,181,,308
,Tyquan Thornton,WR91,KC,252.5,227,,253,230,230,,297
,Geno Smith,QB30,NYJ,253.8,210,,267,248,189,,311
,Evan Engram,TE33,DEN,256.3,234,,289,287,224,,225
,Eli Stowers,TE34,,258.0,,,,,258,,
,Jahan Dotson,WR92,ATL,259.8,291,,229,232,252,,326
,Chris Brooks,RB76,GB,262.0,168,,239,279,262,,268
,Ollie Gordon II,RB78,MIA,264.8,213,,221,280,293,,265
,Adam Randall,RB79,BAL,265.3,224,,305,256,254,,246
,DeMario Douglas,WR96,NE,265.8,279,,233,293,225,,312
,Xavier Hutchinson,WR97,HOU,271.0,320,,230,294,259,,301
,Michael Mayer,TE38,LV,271.5,255,,311,302,228,,245
,Eli Raridon,TE39,NE,272.0,232,,332,273,236,,247
,DJ Giddens,RB81,IND,275.5,232,,278,284,268,,272
,Darius Slayton,WR99,NYG,277.8,215,,234,274,261,,342
,Charlie Kolar,TE40,LAC,279.5,222,,390,258,209,,261
,Mike Gesicki,TE41,CIN,280.0,230,,292,316,232,,280
,Xavier Legette,WR101,CAR,281.3,237,,228,267,260,,370
,Isaiah Davis,RB82,NYJ,281.8,228,,241,281,299,,306
,Deshaun Watson,QB31,CLE,282.3,241,,270,306,235,,318
,LeQuint Allen,RB84,JAX,287.0,244,,242,330,307,,269
,Elijah Arroyo,TE42,SEA,288.5,268,,314,314,256,,270
,Ty Johnson,RB86,BUF,289.3,222,,223,339,300,,295
,Andrei Iosivas,WR102,CIN,294.8,232,,271,320,237,,351
,Carson Beck,QB34,ARI,295.3,248,,316,319,251,,
,Erick All,TE44,CIN,295.8,,,313,317,267,,286
,Kirk Cousins,QB36,LV,301.3,239,,302,309,238,,356
,Bryce Lance,WR104,NO,302.3,224,,383,288,253,,285
,Darnell Washington,TE45,PIT,302.8,246,,322,312,243,,334
,Tahj Brooks,RB87,CIN,305.8,292,,265,283,328,,347
,Malik Benson,WR105,LV,309.0,,,373,296,264,,303
,KaVontae Turpin,WR106,DAL,313.3,323,,273,387,280,,
,Joshua Palmer,WR108,BUF,314.0,253,,371,292,279,,
,Skyler Bell,WR111,BUF,316.3,227,,395,310,233,,327
,Dawson Knox,TE46,BUF,316.3,270,,323,363,263,,
,Mack Hollins,WR113,NE,318.0,243,,295,351,308,,
,Jalen Tolbert,WR114,MIA,319.5,281,,231,409,290,,348
,Cole Kmet,TE47,CHI,322.3,270,,326,373,270,,320
,Justin Fields,QB38,KC,323.7,262,,317,357,297,,
,Cade Klubnik,QB39,,324.0,,,,,324,,
,Treylon Burks,WR115,WAS,325.0,282,,376,278,321,,
,Brenen Thompson,WR116,LAC,328.8,312,,406,311,277,,321
,Zavion Thomas,WR117,CHI,329.3,277,,389,346,257,,325
,Zonovan Knight,RB88,ARI,330.0,349,,282,378,,,
,Sione Vaki,RB89,DET,331.5,,,283,333,334,,376
,Kendrick Bourne,WR119,ARI,336.0,283,,372,344,292,,
,Savion Williams,WR120,GB,336.3,317,,380,345,284,,
,Jonnu Smith,TE48,GB,340.3,,,384,362,275,,
,Damien Harris,RB90,,341.0,,,,,341,,
,Colbie Young,WR122,CIN,342.8,,,401,340,276,,354
,Hollywood Brown,WR123,PHI,344.3,239,,396,349,288,,
,Noah Gray,TE49,KC,345.5,283,,328,420,306,,328
,Tyler Higbee,TE50,LAR,346.3,304,,330,360,349,,
,Mac Jones,QB40,SF,347.3,259,,319,412,311,,
,Roman Wilson,WR125,PIT,348.7,337,,403,348,295,,
,Isaiah Bond,WR126,CLE,350.0,273,,392,338,320,,
,Frank Gore,RB91,,350.5,,,,,315,,386
,Oscar Delp,TE51,NO,351.3,272,,429,322,319,,335
,Devin Singletary,RB92,NYG,353.5,198,,510,276,296,,332
,Ashton Dulin,WR127,IND,354.7,327,,398,318,348,,
,Marlin Klein,TE52,HOU,355.3,,,460,308,322,,331
,Kalif Raymond,WR128,CHI,357.3,324,,374,426,272,,
,Demarcus Robinson,WR129,SF,357.8,340,,421,417,269,,324
,Luke McCaffrey,WR130,WAS,364.5,218,,425,324,332,,377
,Devontez Walker,WR131,BAL,367.7,331,,377,400,326,,
,Joe Flacco,QB41,CIN,369.0,325,,318,390,399,,
,Josh Oliver,TE54,MIN,370.7,,,386,379,347,,
,Tutu Atwell,WR132,LAR,372.7,299,,400,437,281,,
,Tez Johnson,WR133,TB,372.7,223,,416,401,301,,
,Tommy Tremble,TE55,CAR,375.0,,,333,404,388,,
,Ja'Tavion Sanders,TE56,CAR,376.3,276,,327,399,403,,
,Olamide Zaccheaus,WR134,ATL,377.3,246,,397,393,342,,
,Noah Fant,TE57,NO,379.0,293,,391,367,379,,
,Kevin Coleman Jr.,WR135,MIA,379.8,321,,272,575,317,,355
,Daniel Carlson,K29,NO,381.3,,,345,416,,,383
,Elijah Higgins,WR136,ARI,383.7,,,379,429,343,,
,Brock Wright,TE58,DET,383.7,,,423,382,346,,
,John Metchie,WR137,CAR,385.0,,,531,406,316,,287
,Washington Commanders,DEF31,WAS,386.5,,,362,411,,,
,Jahdae Walker,WR138,CHI,390.0,,,465,423,282,,
,Roschon Johnson,RB96,CHI,390.8,,,543,326,361,,333
,Austin Hooper,TE59,ATL,396.3,,,378,381,453,,373
,Adam Trautman,TE60,DEN,396.3,,,387,413,389,,
,Daniel Bellinger,TE61,TEN,397.3,,,408,402,382,,
,C.J. Daniels,WR139,LAR,397.8,,,603,342,309,,337
,Ben Sinnott,TE62,WAS,400.5,,,409,425,394,,374
,Jackson Hawes,TE63,BUF,401.0,,,407,410,386,,
,Kareem Hunt,RB97,,404.8,300,,697,356,273,,293
,Trevor Etienne,RB98,CAR,408.3,264,,574,328,323,,
,Nate Boerkircher,TE64,JAX,410.0,,,424,479,327,,
,KeAndre Lambert-Smith,WR141,LAC,411.0,,,427,,395,,
,Dyami Brown,WR142,WAS,413.3,338,,375,450,415,,
,Barion Brown,WR143,NO,417.0,,,430,627,266,,345
,Will Kacmarek,TE65,MIA,419.0,,,381,525,380,,390
,Marcus Mariota,QB42,WAS,425.0,305,,340,535,400,,
,Josh Cuevas,TE66,BAL,427.7,,,468,460,355,,
,Tanner Hudson,TE67,CIN,430.0,,,402,397,491,,
,Kevin Austin,WR144,NO,430.7,,,438,394,460,,
,Odell Beckham,WR145,NYG,431.5,,,412,730,265,,319
,Carson Wentz,QB43,MIN,432.7,,,513,365,420,,
,Spencer Rattler,QB44,NO,433.0,,,459,442,398,,
,Blake Grupe,K31,NYJ,433.5,,,900,372,,168,294
,Tanner Koziol,TE68,JAX,441.7,,,454,474,397,,
,Sam Roush,TE69,CHI,441.7,,,464,471,390,,
,Davis Allen,TE70,LAR,442.0,,,418,424,484,,
,Drew Sample,TE71,CIN,442.3,,,385,551,391,,
,Raheim Sanders,RB100,CLE,443.0,350,,590,329,410,,
,Emari Demercado,RB101,,443.8,287,,897,336,285,,257
,Luke Musgrave,TE72,GB,445.7,297,,544,440,353,,
,Calvin Austin,WR146,NYG,450.0,217,,533,377,440,,
,Leonard Fournette,RB102,,451.0,,,,,451,,
,Mo Alie-Cox,TE73,IND,451.3,343,,405,544,405,,
,RJ Maryland,TE74,GB,452.0,,,,452,,,
,Greg Dortch,WR147,BUF,454.3,339,,664,385,314,,
,Foster Moreau,TE75,HOU,459.3,,,420,547,411,,
,Dont'e Thornton,WR148,LV,464.0,,,,,464,,
,Zach Ertz,TE76,,464.3,,,720,354,433,,350
,Mitch Van Vooren,WR149,DAL,466.0,,,,466,,,
,Eli Heidenreich,RB103,PIT,467.0,311,,307,747,429,,385
,Tre Watson,TE77,,468.0,,,,468,,,
,Cade Stover,TE78,HOU,469.0,,,393,560,454,,
,Matthew Hibner,TE79,BAL,469.0,,,469,,,,
,Jake Briningstool,TE80,KC,470.5,,,,497,444,,
,Jordan Whittington,WR150,LAR,470.8,305,,415,825,305,,338
,Josh Whyle,TE81,GB,471.3,,,461,541,412,,
,John Bates,TE82,WAS,472.0,,,394,567,455,,
,Lil'Jordan Humphrey,WR151,DEN,472.7,,,516,419,483,,
,Will Shipley,RB104,PHI,474.3,298,,248,946,325,,378
,Jeremy Ruckert,TE83,NYJ,476.0,,,410,536,482,,
,Tim Patrick,WR152,NYJ,476.0,,,512,428,488,,
,Jalen Royals,WR153,KC,477.0,,,426,609,396,,
,Noah Brown,WR154,,481.7,,,621,447,377,,
,Jackson Meeks,WR155,DET,482.7,,,450,549,449,,
,Kyle Juszczyk,RB105,SF,483.5,,,320,834,392,,388
,Austin Ekeler,RB106,,485.0,,,699,431,438,,372
,Robert Henry Jr.,RB107,WAS,486.3,,,,782,338,,339
,Roman Hemby,RB108,,489.7,,,,776,336,,357
,Jaylin Lane,WR156,WAS,491.0,259,,388,701,384,,
,Taysom Hill,TE84,,491.0,346,,653,370,450,,
,Sterling Shepard,WR157,,491.0,,,714,391,368,,
,Jack Endries,TE85,CIN,491.3,,,614,503,357,,
,Isaiah Williams,WR158,NYJ,492.3,,,399,733,345,,
,Mitchell Evans,TE86,CAR,495.0,,,578,422,485,,
,Jelani Woods,TE87,NYJ,496.0,,,532,513,443,,
,Nate Adkins,TE88,DEN,496.3,,,422,554,513,,
,Jacob Saylors,RB109,DET,496.5,,,249,949,448,,340
,Jimmy Horn Jr.,WR160,CAR,498.0,,,417,727,350,,
,Marshall Lang,TE89,,498.0,,,,498,,,
,Kaden Wetjen,WR161,PIT,500.0,,,490,640,370,,
,Phil Mafah,RB110,,500.5,,,981,334,371,,316
,Jawhar Jordan,RB111,HOU,502.5,316,,930,335,385,,360
,Josh Cameron,WR162,JAX,502.7,,,458,690,360,,
,Robert Tonyan,TE90,PIT,503.7,,,504,469,538,,
,Joe Royer,TE91,CLE,503.7,,,604,524,383,,
,Shawn Bowman,TE92,ARI,504.0,,,,504,,,
,Dylan Laube,RB112,LV,507.8,,,303,1008,354,,366
,Tyrell Shavers,WR163,BUF,508.0,,,570,444,510,,
,JJ Galbreath,TE93,,508.0,,,,508,,,
,Ko Kieft,TE94,TB,508.3,,,455,530,540,,
,Ian Thomas,TE95,LV,510.0,,,476,539,515,,
,Marquez Valdes-Scantling,WR164,,510.0,,,708,448,374,,
,Vinny Anthony II,WR165,ATL,510.0,,,,570,597,,363
,Grant Calcaterra,TE96,PHI,511.0,,,534,537,462,,
,Jermaine Terry,TE97,,511.0,,,,511,,,
,Hunter Long,TE98,ARI,513.3,,,475,408,657,,
,Jam Miller,RB113,,514.8,,,308,784,603,,364
,Tyler Goodson,RB114,ATL,515.3,,,920,352,408,,381
,Chris Manhertz,TE99,NYG,515.7,,,489,542,516,,
,Mike Boone,RB115,,516.0,,,693,,339,,
,Eric Rivers,WR166,,517.0,,,,671,363,,
,Dontae Fleming,WR167,,517.5,,,,613,422,,
,Luke Schoonmaker,TE100,DAL,519.7,310,,404,699,456,,
,Jameis Winston,QB46,NYG,520.0,303,,335,922,303,,
,Anthony Richardson,QB47,IND,520.3,253,,336,892,333,,
,Darius Cooper,WR168,PHI,520.7,,,471,732,359,,
,Tyler Conklin,TE101,,521.7,,,638,415,512,,
,Drew Allar,QB48,PIT,528.3,292,,448,969,331,,365
,Bryce Pierre,TE102,,529.0,,,,529,,,
,Zane Gonzalez,K36,,529.5,,,701,358,,,
,Ben Sims,TE103,MIA,529.7,,,436,545,608,,
,David Sills,WR169,TB,530.0,,,530,534,526,,
,Konata Mumpfield,WR170,LAR,530.3,245,,419,828,344,,
,Jason Sanders,K37,,531.0,,,357,705,,,
,Qadir Ismail,WR171,,533.0,,,,533,,,
,Jared Wayne,WR172,HOU,534.7,,,571,603,430,,
,Justin Joly,TE104,,536.0,290,,1021,464,298,,361
,Davis Mills,QB49,HOU,540.3,,,474,835,468,,384
,Reggie Virgil,WR173,ARI,541.0,,,480,638,505,,
,Jordan Watkins,WR174,SF,541.0,,,579,680,364,,
,Montorie Foster,WR175,SEA,541.7,,,616,634,375,,
,Seydou Traore,TE105,MIA,542.0,,,607,526,493,,
,Damiere Byrd,WR177,,543.0,,,,,543,,
,Nick Kallerup,TE106,SEA,544.0,,,597,491,,,
,Justin Hall,WR178,,544.0,,,,,544,,
,Brandon McManus,K38,,545.5,,,725,366,,,
,Elijhah Badger,WR179,,546.0,,,,,546,,
,AJ Dillon,RB116,CAR,546.8,,,519,910,441,,317
,J'Mari Taylor,RB118,,548.0,,,,783,313,,
,Mike White,QB50,,549.0,,,646,,452,,
,Thaddeus Moss,TE107,,549.0,,,,,549,,
,Efton Chism,WR180,NE,549.3,,,446,815,387,,
,Wayne Gallman,RB119,,550.0,,,,,550,,
,J. Michael Sturdivant,WR181,,550.7,,,618,658,376,,
,Xavier Restrepo,WR182,,552.7,,,588,568,502,,
,Brevyn Spann-Ford,TE108,DAL,553.0,,,447,805,407,,
,Tai Felton,WR183,MIN,553.0,,,457,900,302,,
,Stephen Sullivan,TE109,,553.0,,,766,,340,,
,Will Mallory,TE110,IND,553.7,,,547,559,555,,
,Jacob Cowing,WR184,SF,554.0,,,443,798,421,,
,Luke Farrell,TE111,SF,555.0,,,462,713,490,,
,Dean Connors,RB120,,555.5,,,,742,369,,
,Michael Carter,RB121,TEN,556.7,,,785,368,517,,
,DeAngelo Hardy,WR185,,557.0,,,,,557,,
,Matt LaCosse,TE112,NE,559.0,,,,,559,,
,Hunter Luepke,RB122,DAL,560.0,,,321,894,465,,
,Matt Prater,K39,,560.0,,,731,389,,,
,Deion Burks,WR186,IND,560.0,,,,661,459,,
,Breshad Perriman,WR187,,560.0,,,,,560,,
,Rasheen Ali,RB123,BAL,560.3,,,276,938,467,,
,Cedric Tillman,WR188,,561.0,228,,864,395,424,,
,Noah Thomas,WR189,,564.0,,,,662,466,,
,Tyler Badie,RB124,DEN,565.3,,,304,895,497,,
,AJ McCarron,QB51,,566.0,,,,,566,,
,Connor Heyward,TE113,LV,568.0,,,444,904,356,,
,Ronald Jones,RB125,,568.0,,,,,568,,
,Gavin Bartholomew,TE114,MIN,568.7,,,577,517,612,,
,Tyler Johnson,WR190,,569.0,,,755,427,525,,
,Jeremiah Webb,WR191,NE,569.0,,,,569,,,
,Nathan Carter,RB126,,569.0,,,,,569,,
,Salvon Ahmed,RB127,,569.5,,,772,751,366,,389
,Tommy DeVito,QB52,NE,571.0,,,339,973,401,,
,David Moore,WR192,CAR,571.0,,,673,546,494,,
,Courtney Jackson,WR193,,571.0,,,,571,,,
,Jeremy McNichols,RB128,WAS,573.7,,,508,707,506,,
,Matt Landers,WR194,,574.0,,,,,574,,
,De'Anthony Thomas,WR195,,575.0,,,,,575,,
,Holton Ahlers,QB53,,577.0,,,,,577,,
,Tyrod Taylor,QB54,GB,578.0,347,,453,804,477,,
,Marvin Jones,WR196,,578.0,,,,,578,,
,Kene Nwangwu,RB129,NYJ,578.7,,,281,919,536,,
,Durham Smythe,TE115,BAL,579.0,,,414,842,481,,
,Xavier Smith,WR197,LAR,579.0,,,441,827,469,,
,Isaiah Hodgins,WR198,,582.0,,,767,540,439,,
,Stephen Gosnell,WR199,BUF,582.0,,,,582,,,
,Zakhari Franklin,WR200,,582.0,,,,,582,,
,Jaleel McLaughlin,RB130,CLE,583.0,295,,893,558,514,,367
,Payne Durham,TE116,TB,583.3,,,428,830,492,,
,Kendrick Law,WR201,DET,583.3,,,606,577,567,,
,Malachi Corley,WR202,CLE,583.7,,,437,839,475,,
,Caleb Lohner,TE117,DEN,583.7,,,583,520,648,,
,Cole Burgess,WR203,PIT,584.0,,,,584,,,
,Phillip Brooks,WR204,,586.0,,,,,586,,
,Tyson Bagent,QB55,CHI,587.0,,,341,1014,406,,
,Xavier Johnson,WR205,,587.0,,,,587,,,
,Kendall Blanton,TE118,,587.0,,,,,587,,
,Tanner McKee,QB56,PHI,588.0,,,343,1017,404,,
,Gary Jennings,WR206,,588.0,,,,588,,,
,Marcedes Lewis,TE119,,588.7,,,654,458,654,,
,Thayer Thomas,WR207,,589.0,,,,,589,,
,Theo Riddick,RB131,,591.0,,,,,591,,
,Caleb Huntley,RB132,,592.0,,,,,592,,
,Jimmy Holiday,WR208,KC,593.0,,,594,592,,,
,Ja'Seem Reed,WR209,CAR,593.0,,,,593,,,
,Ross Dwelley,TE120,,594.0,,,637,,551,,
,Charlie Woerner,TE121,ATL,594.3,,,477,817,489,,
,Kyric McGowan,WR210,,596.0,,,,,596,,
,AJ Henning,WR211,MIA,596.7,,,615,628,547,,
,Clyde Edwards-Helaire,RB133,,597.0,,,747,,447,,
,John Rhys Plumlee,QB57,,598.0,,,,598,,,
,Duece Watts,WR212,,600.0,,,,,600,,
,Eric Saubert,TE122,SEA,601.0,,,470,832,501,,
,Jarrett Stidham,QB58,DEN,602.0,,,338,997,471,,
,Blake Whiteheart,TE123,CLE,603.0,,,435,874,500,,
,Jalen Brooks,WR213,ARI,603.0,,,503,889,417,,
,Nick Westbrook-Ikhine,WR214,IND,603.0,326,,777,714,318,,
,Braxton Berrios,WR215,,604.7,,,494,883,437,,
,Boston Scott,RB134,,605.0,,,,,605,,
,Quinn Ewers,QB59,JAX,605.7,,,452,908,457,,
,Drew Stevens,K40,WAS,606.0,,,349,863,,,
,Trinidad Chambliss,QB60,,606.0,,,,,606,,
,Bub Means,WR216,,606.3,,,928,449,442,,
,Khalil Herbert,RB135,,606.8,,,794,931,372,,330
,Tyler Huntley,QB61,BAL,607.0,,,467,891,463,,
,Mason Pline,TE124,,608.0,,,,523,693,,
,Drew Lock,QB62,SEA,609.7,,,484,936,409,,
,Ameer Abdullah,RB136,JAX,610.0,,,509,818,503,,
,Antonio Gibson,RB137,,610.3,,,768,433,630,,
,Jalon Daniels,QB63,TB,611.0,,,337,1000,496,,
,James Robinson,RB138,,611.0,,,,,611,,
,Coleman Owen,WR217,IND,611.5,,,598,625,,,
,Deion Burks (Duplicate),WR218,,612.0,,,612,,,,
,Quintin Morris,TE125,JAX,614.7,,,540,796,508,,
,Curtis Samuel,WR219,,614.7,,,694,556,594,,
,Kyle Allen,QB64,BUF,616.7,,,481,967,402,,
,Scotty Washington,WR220,,617.0,,,,,617,,
,Alec Ingold,RB139,LAC,617.3,,,432,933,487,,
,Russell Gage,WR221,,618.5,,,630,,607,,
,Aaron Anderson,WR222,,618.5,,,,621,616,,
,Kisean Johnson,WR223,,619.0,,,,619,,,
,Kayron Lynch-Adams,RB140,,619.0,,,,,619,,
,Myles Price,WR224,MIN,619.3,,,497,934,427,,
,Traeshon Holden,WR225,,620.0,,,,678,562,,
,Jaydn Ott,RB141,,620.5,,,,755,486,,
,Isaac Guerendo,RB142,SF,620.7,233,,559,941,362,,
,James Mitchell,TE126,,621.3,,,832,478,554,,
,Derek Carr,QB65,,622.5,,,718,,527,,
,Dalevon Campbell,WR226,,623.0,,,596,650,,,
,Tip Reiman,TE127,ARI,623.7,,,558,837,476,,
,Luke Floriea,WR227,,624.0,,,,624,,,
,Jacques Patrick,RB143,,624.0,,,,,624,,
,Zamir White,RB144,,624.5,,,818,903,428,,349
,Luis Perez,QB66,,625.0,,,,,625,,
,Julius Chestnut,RB145,TEN,626.0,,,539,1004,335,,
,Bryan Thompson,WR228,,626.0,,,,,626,,
,Jordan Akins,TE128,,626.5,,,625,,628,,
,Dillon Gabriel,QB67,CLE,626.7,,,575,954,351,,
,Shane Zylstra,TE129,,627.0,,,807,532,542,,
,KJ Hamler,WR229,,627.0,,,,,627,,
,Brittain Brown,RB146,CHI,627.3,,,538,743,601,,
,Arian Smith,WR230,NYJ,629.0,,,493,885,509,,
,Derius Davis,WR231,LAC,629.7,,,440,927,522,,
,Simi Fehoko,WR232,ARI,629.7,,,526,928,435,,
,JuJu Smith-Schuster,WR233,,630.0,348,,690,430,770,,
,Romello Brinson,WR234,,630.0,,,,630,,,
,D.J. Montgomery,WR235,IND,630.7,,,529,629,734,,
,Dont'e Thornton Jr.,WR236,LV,631.0,272,,433,829,,,
,Joe Milton,QB68,DAL,631.3,,,563,1019,312,,
,Tylan Wallace,WR237,CLE,631.7,,,524,876,495,,
,Leonard Taylor,TE130,,632.0,,,,,632,,
,Ronnie Rivers,RB147,LAR,632.3,,,541,943,413,,
,Jordan Moore,WR238,,633.0,,,,687,579,,
,Kylen Granson,TE131,TEN,633.3,,,525,847,528,,
,Trey Sermon,RB148,ATL,633.7,,,520,800,581,,
,Ben DiNucci,QB69,,634.0,,,,,634,,
,Skyy Moore,WR239,GB,635.3,,,501,886,519,,
,Leroy Watson,TE132,,636.0,,,,,636,,
,Brevin Jordan,TE133,HOU,637.3,,,795,527,590,,
,Andrew Ogletree,TE134,IND,638.0,,,463,813,,,
,Jakeem Grant,WR240,,638.0,,,,,638,,
,Bryson Green,WR241,,639.0,,,,639,,,
,Dareke Young,WR242,LV,640.0,,,502,920,498,,
,Bo Melton,WR243,GB,641.0,,,434,848,,,
,Nikola Kalinic,TE135,CHI,641.3,,,542,470,912,,
,Taylen Green,QB70,CLE,641.3,,,608,958,358,,
,David Blough,QB71,,642.0,,,,,642,,
,Easop Winston,WR244,,643.0,,,,,643,,
,John Jiles,WR245,,644.0,,,,644,,,
,Kaden Smith,TE136,,644.0,,,,,644,,
,Nick Muse,TE137,ATL,644.3,,,831,493,609,,
,E.J. Jenkins,TE138,PHI,644.7,,,572,472,890,,
,James Washington,WR246,,645.0,,,,,645,,
,Julian Hill,TE139,NE,645.3,,,550,708,678,,
,LaJohntay Wester,WR247,BAL,645.7,,,498,921,518,,
,Zay Jones,WR248,,647.0,,,695,552,694,,
,Ian Book,QB72,,647.0,,,,,647,,
,Hunter Renfrow,WR249,,647.7,,,649,403,891,,
,Joaquin Davis,WR250,,648.0,,,,648,,,
,Antwane Wells Jr.,WR251,ATL,649.0,,,,649,,,
,Trey Lance,QB73,LAC,649.3,,,449,1020,479,,
,Deshaun Fenwick,RB149,,650.0,,,,,650,,
,Kenny Pickett,QB74,CAR,650.7,,,456,1023,473,,
,Nick Williams,WR252,DEN,651.0,,,,,651,,
,Devin Duvernay,WR253,ARI,651.3,,,499,932,523,,
,Feleipe Franks,TE140,CAR,652.7,,,528,893,537,,
,Nikko Remigio,WR254,KC,653.0,,,500,929,530,,
,Joshua Dobbs,QB75,DET,654.3,,,466,1025,472,,
,Ben Yurosek,TE141,MIN,654.3,,,599,844,520,,
,Riley Leonard,QB76,IND,655.0,342,,451,1010,504,,
,Donald Parham,TE142,,655.3,,,746,531,689,,
,Anthony Firkser,TE143,,656.3,,,634,564,771,,
,Gardner Minshew,QB77,ARI,656.7,344,,488,1024,458,,
,Mitchell Trubisky,QB78,TEN,657.0,,,486,1011,474,,
,Joshua Karty,K42,,657.5,,,923,392,,,
,Patrick Ricard,RB150,NYG,657.7,,,487,951,535,,
,Ryan Griffin,TE144,,658.0,,,658,,,,
,Rivaldo Fairweather,TE145,,658.0,,,,475,841,,
,Gerald Everett,TE146,,659.0,,,672,,646,,
,Tanner Morgan,QB79,,660.0,,,,,660,,
,Eli Pancol,WR255,,660.5,,,,623,698,,
,Tyree Jackson,TE147,,663.0,,,735,480,774,,
,C.J. Uzomah,TE148,,663.5,,,651,,676,,
,Phillip Dorsett,WR256,,664.3,,,648,633,712,,
,Kevin Harris,RB151,,665.0,,,,,665,,
,Samson Nacua,WR257,,666.0,,,,,666,,
,Garrett Nussmeier,QB80,KC,667.0,,,610,972,419,,
,Mario Williams,WR258,,667.0,,,,605,729,,
,Garrett Greene,QB81,,667.0,,,,667,,,
,Sammis Reyes,TE149,,667.0,,,,,667,,
,Andy Dalton,QB82,PHI,667.3,,,514,1018,470,,
,Mason Rudolph,QB83,PIT,667.7,,,507,1016,480,,
,Jahmal Banks,WR259,,668.0,,,,,668,,
,Chris Moore,WR260,BAL,668.7,,,620,553,833,,
,Quincy Skinner,WR261,,669.0,,,,669,,,
,Tre Stewart,RB152,,669.0,,,,767,571,,
,Micah Bernard,RB153,,670.0,,,,,670,,
,Irv Smith,TE150,,670.5,,,680,,661,,
,A.T. Perry,WR262,,670.7,,,886,573,553,,
,Austin Seibert,K43,,671.0,,,671,,,,
,Kenyan Drake,RB154,,671.0,,,,,671,,
,Sean McKeon,TE151,IND,672.7,,,774,512,732,,
,Jalen Milroe,QB84,SEA,673.3,,,576,1028,416,,
,Mitchell Tinsley,WR263,HOU,673.5,,,901,446,,,
,Giles Jackson,WR264,,674.0,,,,,674,,
,Nelson Agholor,WR265,,675.0,,,713,,637,,
,Justin Watson,WR266,,675.7,,,628,696,703,,
,Ezekiel Elliott,RB155,,676.0,,,703,,649,,
,Will Howard,QB85,PIT,676.3,,,587,964,478,,
,Nyheim Hines,RB156,,677.0,,,677,,,,
,Austin Mack,WR267,,677.0,,,,,677,,
,Irvin Charles,WR268,SEA,679.0,,,551,807,,,
,Jaelon Darden,WR269,,679.0,,,793,,565,,
,Julian Hicks,WR270,SEA,679.0,,,,679,,,
,Pete Guerriero,RB157,,679.0,,,,,679,,
,Greg Joseph,K44,,681.0,,,681,,,,
,Le'Veon Moss,RB158,,681.5,,,,741,622,,
,Zack Kuntz,TE152,,681.7,,,875,495,675,,
,Raleigh Webb,WR271,,682.0,,,,,682,,
,Elijah Moore,WR272,PHI,683.0,,,521,543,985,,
,Treyton Welch,TE153,NO,683.0,,,601,465,983,,
,Devine Ozigbo,RB159,,683.0,,,,,683,,
,Keelan Doss,WR273,,684.0,,,,,684,,
,Tay Martin,WR274,DET,684.7,,,439,581,1034,,
,Thyrick Pitts,WR275,,685.0,,,,,685,,
,Gunner Olszewski,WR276,NYG,685.3,,,517,820,719,,
,Jake Browning,QB86,,685.3,,,902,709,445,,
,Dae'quan Wright,TE154,,685.5,,,,521,850,,
,Ty Chandler,RB160,NO,685.7,,,536,821,700,,
,Pierre Strong,RB161,,686.0,,,824,809,425,,
,Trent Sherfield,WR277,BUF,687.7,,,624,905,534,,
,Craig Reynolds,RB162,WAS,687.7,,,743,953,367,,
,Bryant Koback,RB163,,688.0,,,,,688,,
,Gus Edwards,RB164,,688.5,,,704,,673,,
,Laquon Treadwell,WR278,IND,688.7,,,431,917,718,,
,Lucky Jackson,WR279,,690.0,,,,694,686,,
,Chris Carson,RB165,,691.0,,,,,691,,
,DJ Chark,WR280,,692.0,,,692,,,,
,Dezmon Patmon,WR281,,692.0,,,,,692,,
,Pharaoh Brown,TE155,IND,693.7,,,742,555,784,,
,Brady Russell,TE156,SEA,694.3,,,553,945,585,,
,Eric McAlister,WR282,,695.0,,,,,695,,
,Maurice Alexander,WR283,,695.7,,,855,597,635,,
,Jaylon Moore,WR284,,696.0,,,,,696,,
,Lewis Bond,WR285,HOU,696.3,,,1020,608,461,,
,Michael Badgley,K45,,698.0,,,698,,,,
,Mason Tipton,WR286,NO,698.3,,,565,840,690,,
,Stone Smartt,TE157,,698.7,,,854,711,531,,
,Johnny Mundt,TE158,PHI,699.0,,,479,715,903,,
,Allen Lazard,WR287,,699.0,,,647,,751,,
,John Michael Gyllenborg,TE159,KC,699.0,,,,509,889,,
,Michael Gallup,WR288,,699.0,,,,,699,,
,Dallen Bentley,TE160,DEN,699.3,,,613,477,1008,,
,Cam Camper,WR289,,699.5,,,,686,713,,
,Jordan Hudson,WR290,,699.5,,,,691,708,,
,Terion Stewart,RB166,,699.5,,,,786,613,,
,Bauer Sharp,TE161,TB,699.7,,,605,456,1038,,
,Kameron Johnson,WR291,TB,700.5,,,492,909,,,
,Jake Bobo,WR292,SEA,700.7,,,552,897,653,,
,Daijun Edwards,RB167,,701.0,,,,,701,,
,Montrell Johnson,RB168,,702.0,,,,773,631,,
,Paul Richardson,WR293,,702.0,,,,,702,,
,Joshua Kelley,RB169,,702.5,,,753,,652,,
,Jared Wiley,TE162,KC,703.3,,,561,467,1082,,
,Cody White,WR294,LV,703.7,,,802,802,507,,
,Theo Wease Jr.,WR295,,704.5,341,,993,693,789,,343
,Dameon Pierce,RB170,PHI,706.0,332,,815,930,373,,
,Marcus Yarns,RB171,,706.0,,,,,706,,
,Ke'Shawn Williams,WR296,CIN,707.0,,,496,918,,,
,Darrell Henderson,RB172,,709.0,,,,,709,,
,British Brooks,RB173,HOU,709.5,,,495,924,,,
,Hassan Hall,RB174,,710.0,,,,,710,,
,Armani Rogers,TE163,,711.0,,,,,711,,
,Dante Pettis,WR297,,711.3,,,683,812,639,,
,Amari Cooper,WR298,,712.0,,,712,,,,
,Keleki Latu,TE164,BUF,713.0,,,595,490,1054,,
,Geoff Swaim,TE165,,713.5,,,700,,727,,
,Zach Davidson,TE166,,713.5,,,798,,629,,
,Jaren Kanak,TE167,TEN,713.7,,,609,496,1036,,
,River Cracraft,WR299,,713.7,,,627,717,797,,
,Rodney Smith,RB175,,714.0,,,,,714,,
,Moliki Matavao,TE168,NO,715.0,,,584,510,1051,,
,Jamaal Williams,RB176,,715.0,,,709,,721,,
,Neal Johnson,TE169,,715.0,,,,,715,,
,Zach Pascal,WR300,,715.5,,,623,,808,,
,Chris Blair,WR301,ATL,715.7,,,554,664,929,,
,Chosen Anderson,WR302,,716.0,,,716,,,,
,Max Duggan,QB87,,716.0,,,884,,548,,
,Stephen Anderson,TE170,,716.0,,,,,716,,
,Peyton Hendershot,TE171,,718.0,,,841,,595,,
,Damien Martinez,RB177,,718.0,,,986,736,432,,
,Tom Kennedy,WR303,,719.0,,,744,880,533,,
,Dare Ogunbowale,RB178,,720.0,,,642,916,602,,
,Sam Pitz,TE172,,720.0,,,,,720,,
,Justin Tucker,K46,,721.0,,,721,,,,
,Malik Cunningham,QB88,,722.3,,,899,647,621,,
,Quintez Cephus,WR304,,723.0,,,,,723,,
,Will Sheppard,WR305,,723.3,,,,617,1171,,382
,Demetric Felton,RB179,,724.0,,,,,724,,
,Teagan Quitoriano,TE174,ARI,724.7,,,826,506,842,,
,Keaontay Ingram,RB180,,725.0,,,825,757,593,,
,Elijah Cooks,WR306,,725.0,,,904,590,681,,
,Troy Hairston,RB181,,725.5,,,847,,604,,
,Brandon Powell,WR307,,726.0,,,622,,830,,
,Beaux Collins,WR308,ATL,726.7,,,591,882,707,,
,Cade Klubnik,QB89,NYJ,728.0,294,,478,978,,,
,Dustin Hopkins,K48,,728.0,,,728,,,,
,Avery Williams,RB182,,728.0,,,797,,659,,
,Gerrid Doaks,RB183,,728.0,,,,,728,,
,Brandin Cooks,WR309,,728.3,,,722,445,1018,,
,Dan Villari,TE175,,728.5,,,,499,958,,
,Jeff Wilson,RB184,,729.0,,,663,,795,,
,Greg Zuerlein,K49,,729.0,,,729,,,,
,Baylor Cupp,TE176,,729.0,,,972,486,,,
,Lawrence Keys,WR310,,729.0,,,,643,815,,
,Caden Prieskorn,TE177,,729.5,,,,482,977,,
,Tarik Cohen,RB185,,730.0,,,,,730,,
,Jeff Driskel,QB90,,730.3,,,641,962,588,,
,Deneric Prince,RB186,,730.3,,,889,750,552,,
,James O'Shaughnessy,TE178,,731.0,,,,,731,,
,Philip Rivers,QB91,,732.0,,,732,,,,
,Gabe Davis,WR311,,732.7,,,761,405,1032,,
,Jamaal Pritchett,WR312,,733.0,,,,626,840,,
,Derrick Gore,RB187,,733.0,,,,,733,,
,John Ross,WR313,,733.5,,,691,,776,,
,Dalvin Cook,RB188,,734.0,,,686,,782,,
,Graham Gano,K50,,734.0,,,734,,,,
,DeAndre Carter,WR314,,734.7,,,632,939,633,,
,Tim Jones,WR315,,735.0,,,840,793,572,,
,Lucas Scott,RB189,,735.0,,,,735,,,
,Carter Runyon,TE179,LV,736.0,,,600,872,,,
,Josh Williams,RB190,,736.0,,,999,775,434,,
,Ricky White,WR316,SEA,736.3,,,984,645,580,,
,Tru Edwards,WR317,,736.5,,,,651,822,,
,Tommy Sweeney,TE180,,737.0,,,,,737,,
,Mac Dalena,WR318,,737.5,,,,591,884,,
,Albert Okwuegbunam,TE181,,738.0,,,760,455,999,,
,Josh Reynolds,WR319,,739.0,,,650,434,1133,,
,Sal Cannella,TE182,,739.7,,,1017,463,739,,
,Carson Steele,RB191,PHI,740.0,,,948,826,446,,
,Tyler Lockett,WR320,,740.3,,,710,438,1073,,
,Justin Shorter,WR321,LV,741.0,,,546,550,1127,,
,McCallan Castles,TE183,,741.0,,,,489,993,,
,Jerick McKinnon,RB192,,741.0,,,,,741,,
,Josiah Deguara,TE184,,741.3,,,758,797,669,,
,Isaiah McKenzie,WR322,,742.0,,,,,742,,
,Jalen Virgil,WR323,,742.7,,,842,580,806,,
,Ryan Tannehill,QB92,,743.0,,,,,743,,
,Jonathan Mingo,WR324,DAL,743.7,,,473,907,851,,
,DeeJay Dallas,RB193,,744.0,,,756,952,524,,
,Anthony McFarland,RB194,,744.0,,,,,744,,
,Thomas Fidone II,TE185,NYG,745.0,,,581,453,1201,,
,Kye Robichaux,RB195,,745.0,,,,745,,,
,Hayden Rucci,TE186,,746.3,,,1012,487,740,,
,Ben Mason,TE187,,747.0,,,,,747,,
,Deion Hankins,RB196,,748.0,,,,748,,,
,Brock Lampe,RB197,,749.0,,,,749,,,
,Jalin Hyatt,WR325,,749.3,,,863,898,856,,380
,Brayden Willis,TE188,SF,749.3,,,549,899,800,,
,Quez Watkins,WR326,,750.3,,,762,611,878,,
,Trevor Siemian,QB93,,751.0,,,657,982,614,,
,Corey Kiner,RB198,NE,751.7,,,589,881,785,,
,Kalel Mullings,RB199,TEN,751.7,,,980,764,511,,
,Robbie Ouzts,TE189,SEA,752.0,,,586,697,973,,
,Kenny McIntosh,RB200,,752.0,,,876,819,561,,
,Payton Thorne,QB94,,752.0,,,,,752,,
,ShunDerrick Powell,RB201,,753.0,,,,753,,,
,Corey Clement,RB202,,753.0,,,,,753,,
,Caullin Lacy,WR327,,753.5,,,,612,895,,
,Drake Dabney,TE190,,754.0,,,1008,500,,,
,Michael Wiley,RB203,,754.3,,,949,758,556,,
,Malik Heath,WR328,ATL,755.7,,,896,566,805,,
,Zach Horton,TE191,,756.0,,,1007,505,,,
,Ian Wheeler,RB204,,756.0,,,,756,,,
,Kenny Golladay,WR329,,757.0,,,,,757,,
,Michael Woods,WR330,DEN,757.3,,,828,718,726,,
,Cameron Latu,TE192,,758.3,,,865,878,532,,
,Juwann Winfree,WR331,,758.5,,,,574,943,,
,Jakobie Keeney-James,WR332,,758.7,,,1011,578,687,,
,Noah Cain,RB205,,759.0,,,,,759,,
,Chase Cota,WR333,,760.0,,,,,760,,
,Nick Chubb,RB206,,760.7,,,687,386,1209,,
,Joshua Simon,TE193,WAS,761.0,,,,483,1039,,
,Richard Rodgers,TE194,,761.0,,,,,761,,
,Zander Horvath,RB207,,762.0,,,,,762,,
,Brandon Allen,QB95,,762.7,,,640,993,655,,
,Owen Wright,RB208,,763.0,,,913,761,615,,
,Qadree Ollison,RB209,,763.0,,,,,763,,
,Jeshaun Jones,WR334,MIN,763.7,,,592,620,1079,,
,DJ Turner,WR335,,764.0,,,839,703,750,,
,Eric Tomlinson,TE195,,764.5,,,633,,896,,
,J.J. Taylor,RB210,,764.5,,,771,,758,,
,Nate Sudfeld,QB96,,765.0,,,,,765,,
,Jordan Mims,RB211,,765.3,,,915,808,573,,
,Anthony Tyus,RB212,CAR,765.5,,,,738,793,,
,Kentrel Bullock,RB213,,766.0,,,,766,,,
,Rocky Lombardi,QB97,,766.0,,,,,766,,
,Luke Altmyer,QB98,,766.5,,,,988,545,,
,Samori Toure,WR336,,766.7,,,834,596,870,,
,Dede Westbrook,WR337,,767.0,,,,,767,,
,Junior Bergen,WR338,,767.7,,,988,579,736,,
,Ke'Shawn Vaughn,RB214,,768.0,,,750,,786,,
,Britain Covey,WR339,PHI,768.0,,,848,915,541,,
,Princeton Fant,TE196,DAL,768.3,,,556,507,1242,,
,Cam Grandy,TE197,,768.3,,,967,548,790,,
,Alexander Mattison,RB215,,769.0,,,682,443,1182,,
,Kyle McCord,QB99,MIA,770.0,,,482,963,865,,
,Desmond Reid,RB216,,770.5,,,,737,804,,
,Jamal Haynes,RB217,,771.0,,,,771,,,
,KhaDarel Hodge,WR340,,771.3,,,644,906,764,,
,Clive Walford,TE198,,772.0,,,,,772,,
,Mitchell Wilcox,TE199,,776.0,,,804,,748,,
,Phillip Lindsay,RB218,,777.0,,,,,777,,
,Penny Hart,WR341,,778.0,,,,,778,,
,Chris Collier,RB219,LV,778.7,,,569,850,917,,
,Jalon Calhoun,WR342,,779.0,,,,,779,,
,Jordan Travis,QB100,,779.5,,,939,,620,,
,Seth Henigan,QB101,,780.0,,,,1002,558,,
,Kaden Prather,WR343,,780.3,,,985,692,664,,
,Trevon Wesco,TE200,,781.0,,,,,781,,
,Zaire Mitchell-Paden,TE201,HOU,781.7,,,1018,484,843,,
,Thomas Odukoya,TE202,,783.0,,,956,,610,,
,Duke Williams,WR344,,783.0,,,,,783,,
,Eric Gray,RB220,,783.3,,,871,838,641,,
,Matthew Wright,K51,,784.0,,,784,,,,
,Kearis Jackson,WR345,,784.0,,,905,,663,,
,Chris Hilton Jr.,WR346,,785.0,,,,637,933,,
,Joe Reed,WR347,,787.0,,,,,787,,
,Jalen Cropper,WR348,,787.5,,,971,604,,,
,Cole Payton,QB102,PHI,788.0,,,611,965,,,
,JaMycal Hasty,RB221,,788.0,,,770,814,780,,
,Marlon Mack,RB222,,788.0,,,,,788,,
,Andrew Beck,TE203,NYJ,788.7,,,472,890,1004,,
,Ray-Ray McCloud,WR349,CHI,790.3,,,505,563,1303,,
,Nate McCrary,RB223,,791.0,,,,,791,,
,Jake Funk,RB224,,792.0,,,,,792,,
,John FitzPatrick,TE204,,792.7,,,827,702,849,,
,Cordarrelle Patterson,RB225,,793.0,,,652,,934,,
,Will Dissly,TE205,,793.3,,,688,432,1260,,
,O.J. Howard,TE206,,794.0,,,,,794,,
,Chris Conley,WR350,,796.0,,,711,,881,,
,Michael Bandy,WR351,DEN,796.0,,,808,700,880,,
,Jason Huntley,RB226,,796.0,,,,,796,,
,Cole Turner,TE207,MIA,796.3,,,535,515,1339,,
,Mason Kinsey,WR352,,797.3,,,810,902,680,,
,Anthony Gould,WR353,IND,797.7,,,927,937,529,,
,DeAndre Washington,RB227,,798.0,,,,,798,,
,Keilan Robinson,RB228,,798.5,,,935,,662,,
,Nick Vannett,TE208,,798.7,,,626,441,1329,,
,Will Levis,QB103,,799.7,,,860,940,599,,
,Shane Buechele,QB104,BUF,800.3,,,844,974,583,,
,Shedrick Jackson,WR354,,800.3,,,909,676,816,,
,Stephen Carlson,TE209,,801.3,,,739,519,1146,,
,Tanner McLachlan,TE210,,801.7,,,942,514,949,,
,Giovanni Ricci,TE211,,802.0,,,805,,799,,
,Jadon Janke,WR355,,802.0,,,,,802,,
,Sean Mannion,QB105,,803.0,,,,,803,,
,D'Ernest Johnson,RB229,,803.3,,,738,947,725,,
,Van Jefferson,WR356,,805.7,,,757,421,1239,,
,Sam Howell,QB106,DAL,806.3,,,342,979,1098,,
,Cooper Rush,QB107,ATL,806.7,,,506,1021,893,,
,Jacoby Jones,WR357,WAS,807.0,,,1013,601,,,
,Trace McSorley,QB108,,807.0,,,,,807,,
,Lawrence Cager,TE212,,808.3,,,779,516,1130,,
,Sincere McCormick,RB230,,809.0,,,957,565,905,,
,Bailey Gaither,WR358,,809.0,,,,,809,,
,Tre Nixon,WR359,,810.0,,,,,810,,
,Brycen Tremayne,WR360,CAR,811.0,,,483,833,1117,,
,Jamal Agnew,WR361,,811.0,,,619,,1003,,
,Kenny Yeboah,TE213,,811.0,,,800,538,1095,,
,Josh Johnson,RB231,,811.0,,,811,,,,
,Dorian Thompson-Robinson,QB109,,811.5,,,878,,745,,
,Adam Prentice,RB232,DEN,811.7,,,442,950,1043,,
,Tyler Mabry,TE214,,812.0,,,812,,,,
,Richie James,WR362,,812.0,,,,,812,,
,Spencer Brown,RB233,,813.0,,,,,813,,
,Luke Lachey,TE215,,813.3,,,982,488,970,,
,Cedrick Wilson,WR363,,813.7,,,636,879,926,,
,Equanimeous St. Brown,WR364,,814.0,,,669,,959,,
,Benny Snell,RB234,,814.0,,,,,814,,
,Emmanuel Henderson Jr,WR365,SEA,814.3,,,1022,666,755,,
,Raheem Mostert,RB235,,815.3,,,666,875,1368,,352
,Deven Thompkins,WR366,,815.3,,,838,911,697,,
,Chase Roberts,WR367,,815.5,,,,663,968,,
,DeMeer Blankumsee,WR368,,817.0,,,,,817,,
,Melvin Gordon,RB236,,818.0,,,,,818,,
,Haynes King,QB110,CAR,818.3,,,617,980,858,,
,Taylor Elgersma,QB111,,819.0,,,,,819,,
,Cornelius Johnson,WR369,,819.3,,,931,656,871,,
,CJ Dippre,TE216,,820.0,,,1002,451,1007,,
,Sam Brown,WR370,,820.0,,,,,820,,
,Brenden Rice,WR371,,821.0,,,926,689,848,,
,Lee Smith,TE217,ATL,821.0,,,,,821,,
,Zavier Scott,WR372,,821.3,,,1000,824,640,,
,John Kelly,RB237,,821.5,,,661,,982,,
,Trey Palmer,WR373,,822.0,,,882,720,864,,
,Isaac Rex,TE218,,823.0,,,,,823,,
,Jashaun Corbin,RB238,,824.0,,,,779,869,,
,Tre' McKitty,TE219,,824.5,,,,492,1157,,
,Graham Mertz,QB112,HOU,824.7,,,580,987,907,,
,Tyrie Cleveland,WR374,,825.0,,,,,825,,
,DJ Rogers,TE220,,825.5,,,,459,1192,,
,Case Keenum,QB113,CHI,826.0,,,515,977,986,,
,Blake Bell,TE221,,826.0,,,,,826,,
,Miles Sanders,RB239,,826.7,,,675,396,1409,,
,Isaiah Neyor,WR375,,827.0,,,990,654,837,,
,Daniel Arias,WR376,,827.0,,,,,827,,
,Roc Taylor,WR377,,827.5,,,,615,1040,,
,Colson Yankoff,TE222,WAS,827.7,,,566,887,1030,,
,Jalen Reagor,WR378,,828.0,,,749,722,1013,,
,Trenton Irwin,WR379,,828.7,,,745,799,942,,
,Cam Sims,WR380,,829.0,,,,,829,,
,Ainias Smith,WR381,,829.7,,,932,561,996,,
,Harrison Bryant,TE223,,830.3,,,759,869,863,,
,Cody Schrader,RB240,DEN,830.7,,,955,768,769,,
,Malik Turner,WR382,,831.0,,,639,610,1244,,
,Cephus Johnson,WR383,,831.0,,,,,831,,
,Jason Bean,QB114,,832.0,,,,,832,,
,Brennan Presley,WR384,,833.0,,,1009,616,874,,
,Raheem Blackshear,RB241,,834.0,,,846,845,811,,
,Patrick Laird,RB242,,834.0,,,,,834,,
,Tejhaun Palmer,WR385,,834.3,,,937,585,981,,
,Hunter Bryant,TE224,,835.0,,,,,835,,
,SaRodorick Thompson,RB243,,836.0,,,918,,754,,
,Justin Johnson,TE225,,836.0,,,,,836,,
,John Wolford,QB115,,836.3,,,773,968,768,,
,Casey Washington,WR386,CAR,836.3,,,929,719,861,,
,Kellen Mond,QB116,,838.0,,,,,838,,
,Jermaine Burton,WR387,,838.5,,,921,,756,,
,Brandon Smith,WR388,,838.7,,,836,652,1028,,
,Teddy Bridgewater,QB117,,839.0,,,727,989,801,,
,Zack Annexstad,QB118,,839.0,,,,,839,,
,Jaret Patterson,RB244,,840.3,,,799,562,1160,,
,Keandre Lambert-Smith (duplicate),WR389,LAC,841.0,,,,841,,,
,Bryce Oliver,WR390,,842.0,,,961,723,,,
,C.J. Ham,RB245,,842.5,,,629,,1056,,
,David Martin-Robinson,TE226,TEN,843.3,,,568,836,1126,,
,Jeff Smith,WR391,,844.0,,,,,844,,
,Stetson Bennett,QB119,LAR,845.0,,,545,966,1024,,
,Deonte Harty,WR392,,845.0,,,737,,953,,
,Greg Bell,RB246,,845.0,,,,,845,,
,Noah Whittington,RB247,HOU,845.5,,,,787,904,,
,Deon Jackson,RB248,,846.0,,,,,846,,
,David Bell,WR393,,847.0,,,821,,873,,
,Myles Gaskin,RB249,,847.5,,,674,,1021,,
,Jordan Waters,RB250,,851.0,,,,763,939,,
,Kansei Matsuzawa,K52,,851.0,,,,851,,,
,Kristian Wilkerson,WR394,,851.3,,,781,665,1108,,
,Harrison Wallace III,WR395,,852.0,,,,632,1072,,
,Lenny Krieg,K53,,852.0,,,,852,,,
,Chris Evans,RB251,,852.0,,,,,852,,
,Ryan Miller,WR396,MIA,853.0,,,555,873,1131,,
,Mason Shipley,K54,,853.0,,,,853,,,
,Trey Burton,TE227,,853.0,,,,,853,,
,Maddux Trujillo,K55,,854.0,,,,854,,,
,Malcolm Brown,RB252,,854.0,,,,,854,,
,Austin Stogner,TE228,,855.0,,,,,855,,
,Hendon Hooker,QB120,TEN,856.0,,,861,985,722,,
,Laith Marjan,K56,,856.0,,,,856,,,
,Montrell Washington,WR397,,856.7,,,833,572,1165,,
,Will Ferrin,K57,,857.0,,,,857,,,
,Reid Sinnett,QB121,,857.0,,,,,857,,
,DeAndre Hopkins,WR398,,857.3,345,,717,414,1441,,
,Joseph Ngata,WR399,,858.0,,,892,,824,,
,Frank Gore Jr.,RB253,BUF,858.0,,,970,746,,,
,Ethan Sanchez,K58,,858.0,,,,858,,,
,Austin Jones,RB254,,859.0,,,,,859,,
,Colton Dowell,WR400,,859.3,,,887,602,1089,,
,Paul Geelen,K59,,860.0,,,,860,,,
,Abram Smith,RB255,,860.0,,,,,860,,
,Brandon Johnson,WR401,,861.7,,,853,618,1114,,
,Anders Carlson,K60,,862.0,,,862,,,,
,Dante Miller,RB256,,862.0,,,944,780,,,
,Chris Freeman,K61,,862.0,,,,862,,,
,Jacob Hollister,TE229,,862.0,,,,,862,,
,Jalin Conyers,TE230,,862.5,,,,522,1203,,
,Velus Jones,WR402,SEA,863.0,,,814,912,,,
,Luke Drzewiecki,K62,,864.0,,,,864,,,
,Gabriel Plascencia,K63,,865.0,,,,865,,,
,Tyler Boyd,WR403,,866.0,,,706,,1026,,
,Christopher Dunn,K64,,866.0,,,866,,,,
,Kobe Hudson,WR404,,866.0,,,,,866,,
,Andre Baccellia,WR405,,866.3,,,856,896,847,,
,Diontae Johnson,WR406,,867.0,,,679,,1055,,
,B.T. Potter,K65,,867.0,,,,867,,,
,Kelly Akharaiyi,WR407,,867.0,,,,,867,,
,Trayveon Williams,RB257,,867.3,,,655,925,1022,,
,Patrick Taylor,RB258,,869.7,,,809,725,1075,,
,Johnny Wilson,WR408,PHI,871.0,,,564,731,1318,,
,Gee Scott,TE231,,871.0,,,,674,1068,,
,Messiah Swinson,TE232,CLE,872.0,,,,461,1283,,
,Matt Corral,QB122,,872.0,,,,,872,,
,Parris Campbell,WR409,,872.3,,,678,704,1235,,
,Jacardia Wright,RB259,SEA,872.5,,,1005,740,,,
,Ronnie Bell,WR410,,872.7,,,879,795,944,,
,Ben Skowronek,WR411,PIT,873.0,,,491,901,1227,,
,Michael Burton,RB260,CLE,874.7,,,445,816,1363,,
,Terrace Marshall,WR412,,874.7,,,787,734,1103,,
,Chester Rogers,WR413,,875.0,,,,,875,,
,Skylar Thompson,QB123,BAL,876.0,,,537,998,1093,,
,Lance Mason,TE233,,876.0,,,,457,1295,,
,Greg Ward,WR414,,876.0,,,,,876,,
,Mecole Hardman,WR415,,876.3,,,668,712,1249,,
,Tanner Brown,K66,,877.0,,,888,866,,,
,T.J. Luther,WR416,,877.0,,,,,877,,
,Tahj Washington,WR417,,877.7,,,936,672,1025,,
,Amar Johnson,RB261,,879.0,,,1014,744,,,
,Brian Hoyer,QB124,,879.0,,,,,879,,
,Carlos Washington,RB262,,880.3,,,966,789,886,,
,Chandler Brayboy,WR418,,880.3,,,994,614,1033,,
,Denzel Mims,WR419,,881.0,,,,660,1102,,
,Jack Stoll,TE234,,881.3,,,806,811,1027,,
,Drew Plitt,QB125,,882.0,,,,,882,,
,Donovan Edwards,RB263,,882.7,,,991,772,885,,
,Nick Mullens,QB126,,883.0,,,656,1029,964,,
,Dylan Parham,TE235,,883.0,,,,,883,,
,Trent Taylor,WR420,,883.3,,,631,594,1425,,
,Xavier Guillory,WR421,BAL,883.5,,,,586,1181,,
,K.J. Osborn,WR422,TEN,884.0,,,764,710,1178,,
,Hakeem Butler,TE236,,884.0,,,,681,1087,,
,Travis Homer,RB264,,884.3,,,670,1007,976,,
,Jerome Ford,RB265,WAS,885.3,291,,829,726,1101,,
,Lucas Havrisik,K67,,886.0,,,917,855,,,
,Marquise Goodwin,WR423,,887.0,,,,,887,,
,Nate Carter,RB266,,889.0,,,997,781,,,
,Tucker Fisk,TE237,,889.7,,,907,849,913,,
,Chip Trayanum,RB267,,890.0,,,,760,1020,,
,D'Onta Foreman,RB268,,890.5,,,696,,1085,,
,Chase Edmonds,RB269,,891.0,,,689,770,1214,,
,Dillon Johnson,RB270,,892.0,,,,,892,,
,Danny Gray,WR424,PHI,892.7,,,822,646,1210,,
,Jason Brownlee,WR425,,893.0,,,890,653,1136,,
,Xavier Gipson,WR426,,893.0,,,903,948,828,,
,Brenden Bates,TE238,,893.0,,,954,724,1001,,
,Anthony Miller,WR427,,895.0,,,702,,1088,,
,Kaden Davis,WR428,,895.7,,,962,683,1042,,
,Tanner Conner,TE239,,897.0,,,843,729,1119,,
,Royce Freeman,RB271,,897.0,,,,,897,,
,Chase Cota,WR429,,898.0,,,898,,,,
,Tayvion Robinson,WR430,,898.0,,,,,898,,
,Cole Fotheringham,TE240,,899.0,,,,,899,,
,Dan Chisena,WR431,,900.0,,,776,728,1196,,
,Jack Plummer,QB127,,900.0,,,,,900,,
,Jaheim Bell,TE241,,901.0,,,938,557,1208,,
,Antoine Green,WR432,,901.5,,,880,,923,,
,Taylor Heinicke,QB128,,902.0,,,645,,1159,,
,Trishton Jackson,WR433,,902.0,,,775,,1029,,
,Tyler Davis,TE242,,902.0,,,,,902,,
,Xavier Weaver,WR434,ARI,905.7,,,567,846,1304,,
,Elijah Dotson,RB272,,906.0,,,894,,918,,
,Daylen Baldwin,WR435,,906.0,,,,,906,,
,Chris Oladokun,QB129,,906.3,,,835,990,894,,
,Mohamed Ibrahim,RB273,,908.0,,,891,,925,,
,Jacob Eason,QB130,,909.0,,,,,909,,
,Collin Johnson,WR436,,911.0,,,763,,1059,,
,Matt Barkley,QB131,,911.0,,,,,911,,
,Zach Wilson,QB132,NO,911.7,,,522,1026,1187,,
,Jermar Jefferson,RB274,,911.7,,,523,777,1435,,
,Gary Brightwell,RB275,,912.0,,,792,754,1190,,
,Allen Robinson,WR437,,913.0,,,719,,1107,,
,Henry Pearson,RB276,,914.0,,,914,,,,
,Terrell Jennings,RB277,,914.0,,,958,870,,,
,Robert Woods,WR438,,914.5,,,724,,1105,,
,James Proche,WR439,,916.0,,,765,884,1099,,
,Rodney Williams,TE243,,916.0,,,916,,,,
,Lake McRee,TE244,,916.5,,,,501,1332,,
,Alex Erickson,WR440,,917.0,,,635,,1199,,
,Ihmir Smith-Marsette,WR441,ARI,917.0,,,796,801,1154,,
,Isaiah Winstead,WR442,,918.0,,,,631,1205,,
,Je'Quan Burton,WR443,,919.0,,,,,919,,
,Justyn Ross,WR444,,919.5,,,837,,1002,,
,J.P. Holtz,TE245,,920.0,,,,,920,,
,Kurtis Rourke,QB133,SF,920.7,,,582,976,1204,,
,Rashard Higgins,WR445,,921.0,,,,,921,,
,Emani Bailey,RB278,,922.0,,,,,922,,
,Steven Sims,WR446,,923.5,,,736,,1111,,
,Mike Williams,WR447,,924.0,,,705,,1143,,
,Ja'Quinden Jackson,RB279,PHI,926.5,,,,759,1094,,
,Davion Davis,WR448,,927.0,,,,,927,,
,Travis Vokolek,TE246,ARI,927.3,,,912,476,1394,,
,Devin Leary,QB134,,927.5,,,940,,915,,
,Patrick Herbert,TE247,,928.0,,,,502,1354,,
,Jordan Murray,TE248,,928.0,,,,,928,,
,Ellis Merriweather,RB280,,929.0,,,911,,947,,
,Aidan O'Connell,QB135,LV,929.3,,,548,942,1298,,
,Nick Nash,WR449,,929.7,,,989,600,1200,,
,Adam Thielen,WR450,,930.0,,,726,,1134,,
,Quentin Skinner,WR451,,930.3,,,1010,607,1174,,
,Kendall Milton,RB281,,931.0,,,965,752,1076,,
,Jacob Kibodi,RB282,,931.0,,,974,,888,,
,John Copenhaver,TE249,,931.0,,,,,931,,
,Devin Culp,TE250,,931.7,,,933,462,1400,,
,Jason Cabinda,RB283,,932.0,,,,,932,,
,Kendric Pryor,WR452,,932.7,,,845,642,1311,,
,Desmond Ridder,QB136,,934.3,,,819,1009,975,,
,Jalen Wydermyer,TE251,,935.0,,,,,935,,
,Cody Thompson,WR453,,935.5,,,813,,1058,,
,Tyrone Broden,WR454,,937.0,,,,622,1252,,
,Max Brosmer,QB137,MIN,937.7,,,593,1022,1198,,
,Devon Allen,WR455,,938.0,,,,,938,,
,Austin Trammell,WR456,,938.7,,,849,877,1090,,
,Deuce Vaughn,RB284,,939.3,,,857,823,1138,,
,Jack Westover,TE252,WAS,939.3,,,968,913,937,,
,Alex McGough,QB138,,941.0,,,,,941,,
,Tyrion Davis-Price,RB285,,942.0,,,820,,1064,,
,Jalen Walthall,WR457,,942.0,,,,636,1248,,
,Kadarius Toney,WR458,,943.0,,,786,,1100,,
,Louis Rees-Zammit,RB286,,943.0,,,943,,,,
,Gage Larvadain,WR459,,943.0,,,998,888,,,
,Lucas Krull,TE253,DEN,944.3,,,851,831,1151,,
,Jordan Matthews,TE254,,945.0,,,667,,1223,,
,Tyler Scott,WR460,,945.0,,,874,803,1158,,
,Jerjuan Newton,WR461,,945.0,,,,,945,,
,DeWayne McBride,RB287,,945.5,,,885,,1006,,
,Rahsul Faison,RB288,,946.0,,,,,946,,
,Sam Ehlinger,QB139,DEN,946.7,,,527,991,1322,,
,Jamari Thrash,WR462,CLE,946.7,,,562,868,1410,,
,Dylan Drummond,WR463,ATL,946.7,,,919,871,1050,,
,Chris Myarick,TE255,,948.0,,,,454,1442,,
,Bryson Nesbit,TE256,,948.0,,,,473,1423,,
,JaQuae Jackson,WR464,,948.0,,,,641,1255,,
,Jalen Richard,RB289,LV,948.0,,,,,948,,
,Brandon Dillon,TE257,,950.0,,,,,950,,
,Nsimba Webster,WR465,,952.0,,,,,952,,
,Ja'Lynn Polk,WR466,,952.3,,,922,716,1219,,
,Josh Johnson,QB140,CIN,952.7,,,733,1013,1112,,
,Brayden Narveson,K68,,953.0,,,953,,,,
,Snoop Conner,RB290,,954.0,,,,,954,,
,Hunter Dekkers,QB141,,955.0,,,,955,,,
,Evan Hull,RB291,ARI,955.3,,,869,923,1074,,
,P.J. Walker,QB142,,956.0,,,,,956,,
,Lew Nichols,RB292,,956.3,,,872,765,1232,,
,Elijah Mitchell,RB293,,957.3,,,791,788,1293,,
,Erik Ezukanma,WR467,,957.7,,,823,657,1393,,
,Thomas Yassmin,TE258,,958.5,,,,528,1389,,
,Andrew Armstrong,WR468,,958.5,,,,589,1328,,
,Ja'Corey Brooks,WR469,,959.3,,,996,685,1197,,
,Joel Wilson,TE259,TEN,959.5,,,,485,1434,,
,Parker Romo,K69,,960.0,,,960,,,,
,Ayir Asante,WR470,,960.0,,,,,960,,
,Makai Polk,WR471,,961.0,,,,,961,,
,Nathaniel Peat,RB294,,962.0,,,,,962,,
,Lance McCutcheon,WR472,,963.0,,,,673,1253,,
,Jesper Horsted,TE260,,963.0,,,,,963,,
,Taiwan Jones,RB295,,965.0,,,,,965,,
,Dillon Bell,WR473,MIN,966.0,,,,668,1264,,
,Lorenzo Lingard,RB296,,966.0,,,,,966,,
,Dennis Houston,WR474,TB,966.3,,,852,675,1372,,
,Josh Kelly,WR475,HOU,966.5,,,,576,1357,,
,Dalen Cambre,WR476,,966.7,,,1004,655,1241,,
,Ricky Seals-Jones,TE261,,967.0,,,,,967,,
,Xazavian Valladay,RB297,,968.5,,,906,,1031,,
,Jaylen Johnson,WR477,,969.0,,,969,,,,
,Mark Redman,TE262,GB,969.0,,,,518,1420,,
,Scotty Miller,WR478,,971.0,,,660,822,1431,,
,Hassan Haskins,RB298,,972.0,,,817,944,1155,,
,Corey Davis,WR479,,972.0,,,,,972,,
,Jude McAtamney,K70,,973.0,,,973,,,,
,Kedon Slovis,QB143,GB,974.0,,,1006,961,955,,
,Sam Pinckney,WR480,,974.0,,,,,974,,
,Israel Abanikanda,RB299,,975.0,,,870,778,1277,,
,Jermaine Jackson,WR481,,975.0,,,975,,,,
,Parker Hesse,TE263,,975.5,,,803,,1148,,
,Reggie Gilliam,RB300,NE,975.7,,,485,1006,1436,,
,Da'Quan Felton,WR482,NYJ,977.0,,,,688,1266,,
,Anthony Brown,QB144,,978.0,,,850,,1106,,
,Bernhard Seikovits,TE264,,978.0,,,,,978,,
,Randall Cobb,WR483,,979.0,,,,,979,,
,Michael Ezeike,TE265,,980.0,,,,,980,,
,DJ Uiagalelei,QB145,,981.0,,,,981,,,
,John Stephens,TE266,,982.5,,,946,,1019,,
,Racey McMath,WR484,,984.0,,,,,984,,
,Jabari Small,RB301,DET,985.0,,,,739,1231,,
,Nathan Peterman,QB146,,986.0,,,,1001,971,,
,Dai'Jean Dixon,WR485,,987.0,,,,,987,,
,Dax Milne,WR486,,988.0,,,,,988,,
,Clayton Tune,QB147,,988.3,,,883,1015,1067,,
,Russell Wilson,QB148,,989.3,,,730,792,1446,,
,Jesse Matthews,WR487,,990.0,,,,,990,,
,Bryce Ford-Wheaton,WR488,,991.0,,,950,806,1217,,
,David Wells,TE267,,991.0,,,,,991,,
,Jonathan Ward,RB302,BAL,991.3,,,778,843,1353,,
,Caden Davis,K71,,992.0,,,992,,,,
,CJ Donaldson,RB303,,992.0,,,,791,1193,,
,Dayton Wade,WR489,,993.5,,,,677,1310,,
,Seth Williams,WR490,,994.0,,,,,994,,
,Tarik Black,WR491,,994.5,,,,670,1319,,
,La'Michael Pettway,TE268,,995.0,,,,,995,,
,MyCole Pruitt,TE269,,995.5,,,643,,1348,,
,Easton Stick,QB149,,996.3,,,662,986,1341,,
,Cornell Powell,WR492,,996.5,,,,595,1398,,
,Hal Presley,WR493,,996.5,,,,606,1387,,
,Chris Pierce,TE270,,997.0,,,,,997,,
,Michael Jacobson,TE271,,998.0,,,,,998,,
,Hayden Hurst,TE272,,999.5,,,676,,1323,,
,Kole Taylor,TE273,,1000.0,,,,,1000,,
,Jaren Hall,QB150,,1000.5,,,881,,1120,,
,Kyle Trask,QB151,,1001.0,,,789,994,1220,,
,Blake Watson,RB304,,1002.7,,,945,774,1289,,
,Connor Bazelak,QB152,,1003.0,,,,1003,,,
,Dymere Miller,WR494,,1005.0,,,,,1005,,
,JP Richardson,WR495,,1007.5,,,,583,1432,,
,Ulysses Bentley,RB305,IND,1007.7,,,1015,762,1246,,
,Tony Jones,RB306,,1009.0,,,780,,1238,,
,Zach Gentry,TE274,,1009.0,,,,,1009,,
,Mike Harley,WR496,,1010.0,,,,,1010,,
,Brett Rypien,QB153,,1010.3,,,659,956,1416,,
,Erik Krommenhoek,TE275,,1011.0,,,,,1011,,
,Freddie Swain,WR497,,1011.5,,,,706,1317,,
,Bailey Zappe,QB154,NYJ,1011.7,,,830,983,1222,,
,Stanley Morgan,WR498,,1012.0,,,,,1012,,
,Jimmy Garoppolo,QB155,,1012.3,,,723,1027,1287,,
,Jakob Johnson,RB307,,1012.5,,,741,,1284,,
,Tim Boyle,QB156,,1014.5,,,665,,1364,,
,Joshua Cephus,WR499,,1014.7,,,964,635,1445,,
,Andre Roberts,WR500,,1015.0,,,,,1015,,
,Marquez Callaway,WR501,,1015.5,,,769,,1262,,
,Stevo Klotz,TE276,,1017.0,,,,,1017,,
,Dominic Lovett,WR502,,1019.0,,,987,659,1411,,
,Tony Brown,WR503,,1020.5,,,783,,1258,,
,Jacolby George,WR504,,1023.0,,,,,1023,,
,Jeff Caldwell,WR505,KC,1023.5,,,,599,1448,,
,Dez Fitzpatrick,WR506,,1024.5,,,790,,1259,,
,Zach Evans,RB308,,1026.5,,,859,,1194,,
,Luke Grimm,WR507,,1027.5,,,,684,1371,,
,Dee Eskridge,WR508,,1028.0,,,788,914,1382,,
,Sean Clifford,QB157,,1028.3,,,867,992,1226,,
,Charlie Jones,WR509,,1031.3,,,868,926,1300,,
,Laviska Shenault,WR510,,1035.0,,,754,,1316,,
,Daewood Davis,WR511,,1035.0,,,,,1035,,
,TJ Harden,RB309,,1035.5,,,,769,1302,,
,Jamison Crowder,WR512,,1037.0,,,715,,1359,,
,Sage Surratt,TE277,,1037.0,,,,,1037,,
,Isaiah Wooden,WR513,,1038.5,,,,682,1395,,
,Sam Hartman,QB158,WAS,1040.5,,,,957,1124,,
,Alex Bachman,WR514,,1041.0,,,782,935,1406,,
,Zack Moss,RB310,,1043.5,,,751,,1336,,
,Dontrell Hilliard,RB311,,1044.0,,,,,1044,,
,Darrynton Evans,RB312,,1044.5,,,752,,1337,,
,Cam Akers,RB313,,1045.0,,,748,,1342,,
,Keilahn Harris,WR515,,1045.0,,,,,1045,,
,Blake Jarwin,TE278,,1046.0,,,,,1046,,
,Xavier Grimble,TE279,,1047.0,,,,,1047,,
,Jaxon Janke,WR516,,1048.0,,,,,1048,,
,Lan Larison,RB314,,1048.3,,,995,785,1365,,
,Matt Breida,RB315,,1049.0,,,,,1049,,
,Jha'Quan Jackson,WR517,,1049.3,,,934,810,1404,,
,Kelvin Harmon,WR518,,1052.0,,,,,1052,,
,Austin Allen,TE280,,1053.0,,,,,1053,,
,Grant DuBose,WR519,,1053.5,,,873,,1234,,
,Ramel Keyton,WR520,,1057.0,,,951,,1163,,
,Johnny Johnson,WR521,,1060.0,,,,,1060,,
,Michael Thomas,WR522,,1061.0,,,,,1061,,
,Will Grier,QB159,,1062.0,,,,984,1140,,
,Josh Ali,WR523,,1062.0,,,,,1062,,
,Jake Haener,QB160,,1063.3,,,877,1012,1301,,
,Troy Fumagalli,TE281,,1065.0,,,,,1065,,
,Mark Gronowski,QB161,,1066.5,,,,971,1162,,
,Khari Blasingame,RB316,,1068.0,,,740,,1396,,
,John Samuel Shenker,TE282,,1068.5,,,976,,1161,,
,Deon Cain,WR524,,1069.0,,,,,1069,,
,Khalan Laborn,RB317,,1070.0,,,,,1070,,
,Jody Fortson,TE283,,1070.5,,,801,,1340,,
,Aaron Shampklin,RB318,,1071.0,,,959,,1183,,
,Alfonzo Graham,RB319,,1071.0,,,,,1071,,
,Adrian Martinez,QB162,,1073.0,,,1016,960,1243,,
,Lynn Bowden,WR525,,1077.0,,,,,1077,,
,Brady Cook,QB163,,1077.7,,,1003,1005,1225,,
,Eric Ebron,TE284,PIT,1078.0,,,,,1078,,
,N'Keal Harry,WR526,,1080.0,,,,,1080,,
,Nathan Rourke,QB164,,1081.0,,,908,,1254,,
,Griffin Hebert,TE285,,1081.0,,,,,1081,,
,Slade Bolden,WR527,,1083.0,,,,,1083,,
,Brian Hill,RB320,,1084.0,,,,,1084,,
,Chase Claypool,WR528,,1086.0,,,,,1086,,
,Cam Miller,QB165,,1086.7,,,983,999,1278,,
,Ahmani Marshall,RB321,,1087.5,,,,790,1385,,
,D.J. Williams,RB322,,1089.0,,,963,,1215,,
,C.J. Beathard,QB166,,1092.0,,,,,1092,,
,Izaiah Gathings,TE286,,1096.0,,,,,1096,,
,Christian Wade,RB323,,1097.0,,,,,1097,,
,Sawyer Robertson,QB167,,1104.0,,,,996,1212,,
,Keith Smith,RB324,,1104.0,,,,,1104,,
,Austin Watkins,WR529,,1113.0,,,,,1113,,
,Shi Smith,WR530,,1115.0,,,,,1115,,
,Ty Montgomery,RB325,,1116.0,,,,,1116,,
,Tyreik McAllister,RB326,,1117.0,,,952,,1282,,
,Darrel Williams,RB327,,1118.0,,,,,1118,,
,Dresser Winn,QB168,,1121.0,,,,,1121,,
,Tyler Kroft,TE287,,1123.0,,,,,1123,,
,Kevin Rader,TE288,,1125.0,,,,,1125,,
,Javon Baker,WR531,,1125.5,,,925,,1326,,
,Jaydon Mickens,WR532,,1128.0,,,,,1128,,
,Matt Bushman,TE289,,1132.0,,,,,1132,,
,Diego Pavia,QB169,,1135.0,,,,995,1275,,
,Trent Pennix,TE290,,1135.0,,,,,1135,,
,Larry Rountree,RB328,,1137.0,,,,,1137,,
,Jake Luton,QB170,,1139.0,,,,,1139,,
,Trinity Benson,WR533,,1141.0,,,,,1141,,
,C.J. Saunders,WR534,,1142.0,,,,,1142,,
,Trey Quinn,WR535,,1145.0,,,,,1145,,
,Marcell Ateman,WR536,,1147.0,,,,,1147,,
,Jase McClellan,RB329,,1150.5,,,924,,1377,,
,Latavius Murray,RB330,,1152.0,,,,,1152,,
,Aidan Robbins,RB331,,1153.0,,,,,1153,,
,Michael Pratt,QB171,,1155.5,,,941,,1370,,
,Dominique Dafney,TE291,,1164.0,,,,,1164,,
,Kevin White,WR537,,1166.0,,,,,1166,,
,Alex Armah,RB332,,1167.0,,,,,1167,,
,Kahale Warring,TE292,,1168.0,,,,,1168,,
,Brandon Bolden,RB333,,1169.0,,,,,1169,,
,Gavin Hardison,QB172,,1170.0,,,,,1170,,
,Rakim Jarrett,WR538,,1171.0,,,895,,1447,,
,Carter Bradley,QB173,,1172.0,,,,970,1374,,
,Josh Doctson,WR539,,1172.0,,,,,1172,,
,Jesse James,TE293,,1173.0,,,,,1173,,
,Miles Boykin,WR540,,1175.0,,,,,1175,,
,Logan Woodside,QB174,,1176.0,,,,,1176,,
,Terrell Bynum,WR541,,1177.0,,,910,,1444,,
,Tanner Mordecai,QB175,,1177.0,,,,,1177,,
,Isaiah Spiller,RB334,,1179.0,,,,,1179,,
,Kwamie Lassiter,WR542,,1180.0,,,,,1180,,
,Cole Beasley,WR543,,1184.0,,,,,1184,,
,Blaine Gabbert,QB176,,1185.0,,,,,1185,,
,Austin Reed,QB177,,1186.0,,,,959,1413,,
,Miller Forristall,TE294,,1186.0,,,,,1186,,
,Frank Darby,WR544,,1188.0,,,,,1188,,
,Johnny Lumpkin,TE295,,1191.0,,,,,1191,,
,Dallin Holker,TE296,,1193.0,,,947,,1439,,
,Terique Owens,WR545,,1195.0,,,,,1195,,
,Tommy Mellott,QB178,,1196.5,,,979,,1414,,
,Jacob Harris,WR546,,1202.0,,,,,1202,,
,Kalen Ballage,RB335,,1206.0,,,,,1206,,
,Quali Conley,RB336,,1207.0,,,,,1207,,
,Jake Kumerow,WR547,,1211.0,,,,,1211,,
,Ryan Jones,TE297,,1218.0,,,,,1218,,
,Brevin Easton,WR548,,1221.0,,,,,1221,,
,Silas Bolden,WR549,,1224.0,,,,,1224,,
,Derek Wright,WR550,,1229.0,,,,,1229,,
,Cade Johnson,WR551,,1230.0,,,,,1230,,
,Sam Wiglusz,WR552,,1233.0,,,,,1233,,
,Malik Flowers,WR553,,1236.0,,,,,1236,,
,Nate Noel,RB337,,1237.0,,,,,1237,,
,La'Mical Perine,RB338,,1240.0,,,,,1240,,
,Isaiah Ford,WR554,,1247.0,,,,,1247,,
,Dalton Keene,TE298,,1250.0,,,,,1250,,
,Tommy Hudson,TE299,,1251.0,,,,,1251,,
,Jack Doyle,TE300,IND,1256.0,,,,,1256,,
,Nick Bowers,TE301,,1257.0,,,,,1257,,
,Julio Jones,WR555,,1263.0,,,,,1263,,
,Tanner Taula,TE302,,1265.0,,,,,1265,,
,Isaiah Washington,WR556,,1267.0,,,,,1267,,
,Damien Williams,RB339,,1268.0,,,,,1268,,
,Hayden Hatten,WR557,,1269.0,,,,,1269,,
,Jordan Wilkins,RB340,,1270.0,,,,,1270,,
,Mason Fairchild,TE303,,1271.0,,,,,1271,,
,Darrell Daniels,TE304,,1272.0,,,,,1272,,
,Ethan Garbers,QB179,,1273.0,,,,,1273,,
,Malcolm Perry,WR558,,1276.0,,,,,1276,,
,Jalen Guyton,WR559,,1279.0,,,,,1279,,
,E.J. Perry,QB180,,1280.0,,,,,1280,,
,Jack Colletto,RB341,,1281.0,,,,,1281,,
,Dorian Singer,WR560,,1285.0,,,,,1285,,
,DeVante Parker,WR561,,1286.0,,,,,1286,,
,Donovan Peoples-Jones,WR562,,1288.0,,,,,1288,,
,Elijah Collins,RB342,,1291.0,,,,,1291,,
,Robert Burns,RB343,CHI,1292.0,,,,,1292,,
,Matt Sokol,TE305,,1294.0,,,,,1294,,
,Godwin Igwebuike,RB344,,1296.0,,,,,1296,,
,Ethan Fernea,WR563,,1297.0,,,,,1297,,
,Pharoh Cooper,WR564,,1299.0,,,,,1299,,
,Matthew Slater,WR565,,1305.0,,,,,1305,,
,Eno Benjamin,RB345,,1306.0,,,,,1306,,
,Cody Latimer,WR566,,1307.0,,,,,1307,,
,Trestan Ebner,RB346,,1309.0,,,,,1309,,
,Braylon Sanders,WR567,,1312.0,,,,,1312,,
,Jacob Warren,TE306,,1313.0,,,,,1313,,
,Jaden Shirden,RB347,,1314.0,,,,,1314,,
,Luke Stocker,TE307,,1315.0,,,,,1315,,
,Sammy Watkins,WR568,,1320.0,,,,,1320,,
,Jake Fromm,QB181,,1321.0,,,,,1321,,
,Daurice Fountain,WR569,,1324.0,,,,,1324,,
,Rodney Adams,WR570,,1325.0,,,,,1325,,
,Kyle Philips,WR571,,1327.0,,,,,1327,,
,Logan Thomas,TE308,,1330.0,,,,,1330,,
,Byron Pringle,WR572,,1331.0,,,,,1331,,
,Jalen Camp,WR573,,1333.0,,,,,1333,,
,Andy Isabella,WR574,,1335.0,,,,,1335,,
,David Durden,WR575,,1338.0,,,,,1338,,
,Marcus Rosemy-Jacksaint,WR576,,1344.0,,,,,1344,,
,Sean Ryan,WR577,,1346.0,,,,,1346,,
,Ra'Shaun Henry,WR578,,1347.0,,,,,1347,,
,Rashod Owens,WR579,,1350.0,,,,,1350,,
,Duke Johnson,RB348,,1351.0,,,,,1351,,
,Cole Payton,QB182,,1352.0,,,,,1352,,
,Drake Stoops,WR580,,1355.0,,,,,1355,,
,Ty'Son Williams,RB349,,1356.0,,,,,1356,,
,Willie Snead,WR581,,1358.0,,,,,1358,,
,Devin Asiasi,TE309,,1360.0,,,,,1360,,
,Ricky Person,RB350,,1361.0,,,,,1361,,
,Malik Knowles,WR582,,1362.0,,,,,1362,,
,Pooka Williams,RB351,,1366.0,,,,,1366,,
,Kazmeir Allen,WR583,,1367.0,,,,,1367,,
,Chris Herndon,TE310,,1369.0,,,,,1369,,
,Amari Rodgers,WR584,,1373.0,,,,,1373,,
,Tulu Griffin,WR585,,1375.0,,,,,1375,,
,Jarvis Landry,WR586,,1376.0,,,,,1376,,
,Jacob Copeland,WR587,,1378.0,,,,,1378,,
,Keith Kirkwood,WR588,,1379.0,,,,,1379,,
,Jamoi Mayes,WR589,,1380.0,,,,,1380,,
,Charleston Rambo,WR590,,1381.0,,,,,1381,,
,Dontay Demus,WR591,,1383.0,,,,,1383,,
,Emory Jones,QB183,,1384.0,,,,,1384,,
,Brycen Hopkins,TE311,,1386.0,,,,,1386,,
,Jalen White,RB352,,1388.0,,,,,1388,,
,Malik Taylor,WR592,,1390.0,,,,,1390,,
,Tre'Shaun Harrison,WR593,,1392.0,,,,,1392,,
,Jalen Wayne,WR594,,1397.0,,,,,1397,,
,Jaray Jenkins,WR595,,1401.0,,,,,1401,,
,Monaray Baldwin,WR596,,1402.0,,,,,1402,,
,Rashaad Penny,RB353,,1403.0,,,,,1403,,
,Curtis Hodges,TE312,,1405.0,,,,,1405,,
,Josh Pederson,TE313,,1407.0,,,,,1407,,
,Tre'Quan Smith,WR597,,1412.0,,,,,1412,,
,Tyler Kahmann,WR598,,1421.0,,,,,1421,,
,Kirk Merritt,WR599,,1422.0,,,,,1422,,
,Noah Togiai,TE314,,1424.0,,,,,1424,,
,Dwayne Washington,RB354,,1426.0,,,,,1426,,
,Mathew Sexton,WR600,,1427.0,,,,,1427,,
,Marvin Hall,WR601,,1428.0,,,,,1428,,
,Landon Parker,WR602,,1429.0,,,,,1429,,
,Anthony Schwartz,WR603,,1430.0,,,,,1430,,
,Robert Lewis,WR604,,1433.0,,,,,1433,,
,Adam Shaheen,TE315,,1437.0,,,,,1437,,
,Trey Knox,TE316,,1438.0,,,,,1438,,
,Deontay Burnett,WR605,,1440.0,,,,,1440,,
,Nick Boyle,TE317,,1443.0,,,,,1443,,
